Site,Date,Time,Parameter,Result
TUM441,11/8/2018,11:11,Temp,25.7
TUM441,11/8/2018,11:11,DO_Sat,133.7
TUM441,11/8/2018,11:11,DO,10.91
TUM441,11/8/2018,11:11,SpCond,395.4
TUM441,11/8/2018,11:11,pH,8.79
TUM441,11/8/2018,11:11,Turb,-2.73
SWB,11/8/2018,11:30,Temp,25.3
SWB,11/8/2018,11:30,DO_Sat,96.1
SWB,11/8/2018,11:30,DO,7.88
SWB,11/8/2018,11:30,SpCond,843
SWB,11/8/2018,11:30,pH,7.65
SWB,11/8/2018,11:30,Turb,-0.37
HAT,11/8/2018,12:18,Temp,22
HAT,11/8/2018,12:18,DO_Sat,74.9
HAT,11/8/2018,12:18,DO,6.55
HAT,11/8/2018,12:18,SpCond,98
HAT,11/8/2018,12:18,pH,6.87
HAT,11/8/2018,12:18,Turb,0.03
HOGNW16,11/8/2018,12:53,Temp,23.3
HOGNW16,11/8/2018,12:53,DO_Sat,91.8
HOGNW16,11/8/2018,12:53,DO,7.83
HOGNW16,11/8/2018,12:53,SpCond,288.4
HOGNW16,11/8/2018,12:53,pH,7.86
HOGNW16,11/8/2018,12:53,Turb,0.96
POSNW16,11/8/2018,13:10,Temp,22.7
POSNW16,11/8/2018,13:10,DO_Sat,97.3
POSNW16,11/8/2018,13:10,DO,8.39
POSNW16,11/8/2018,13:10,SpCond,278
POSNW16,11/8/2018,13:10,pH,7.88
POSNW16,11/8/2018,13:10,Turb,-0.05
HOGDN,11/8/2018,13:45,Temp,23.8
HOGDN,11/8/2018,13:45,DO_Sat,74.2
HOGDN,11/8/2018,13:45,DO,6.25
HOGDN,11/8/2018,13:45,SpCond,293.3
HOGDN,11/8/2018,13:45,pH,7.43
HOGDN,11/8/2018,13:45,Turb,2.05
TUM441,11/8/2018,11:11,NOx,0.125
TUM441,11/8/2018,11:11,NOx,0.118
TUM441,11/8/2018,11:11,NOx,0.294
SWB,11/8/2018,11:30,NOx,2.143
SWB,11/8/2018,11:30,NOx,2.199
SWB,11/8/2018,11:30,NOx,2.198
HAT,11/8/2018,12:18,NOx,0.106
HAT,11/8/2018,12:18,NOx,0.105
HAT,11/8/2018,12:18,NOx,0.107
HOGNW16,11/8/2018,12:53,NOx,0.417
HOGNW16,11/8/2018,12:53,NOx,0.412
HOGNW16,11/8/2018,12:53,NOx,0.42
POSNW16,11/8/2018,13:10,NOx,0.862
POSNW16,11/8/2018,13:10,NOx,0.864
POSNW16,11/8/2018,13:10,NOx,0.852
HOGDN,11/8/2018,13:45,NOx,0.315
HOGDN,11/8/2018,13:45,NOx,0.264
HOGDN,11/8/2018,13:45,NOx,0.337
TUM441,11/8/2018,11:11,OP,0.175
TUM441,11/8/2018,11:11,OP,0.171
TUM441,11/8/2018,11:11,OP,1.521
SWB,11/8/2018,11:30,OP,0.988
SWB,11/8/2018,11:30,OP,0.993
SWB,11/8/2018,11:30,OP,0.993
HAT,11/8/2018,12:18,OP,0.23
HAT,11/8/2018,12:18,OP,0.224
HAT,11/8/2018,12:18,OP,0.226
HOGNW16,11/8/2018,12:53,OP,0.605
HOGNW16,11/8/2018,12:53,OP,0.602
HOGNW16,11/8/2018,12:53,OP,0.6
POSNW16,11/8/2018,13:10,OP,0.972
POSNW16,11/8/2018,13:10,OP,0.913
POSNW16,11/8/2018,13:10,OP,1.003
HOGDN,11/8/2018,13:45,OP,0.815
HOGDN,11/8/2018,13:45,OP,0.805
HOGDN,11/8/2018,13:45,OP,0.808
TUM441,11/8/2018,11:11,NH4,0.2826
TUM441,11/8/2018,11:11,NH4,0.1468
TUM441,11/8/2018,11:11,NH4,0.3276
SWB,11/8/2018,11:30,NH4,0.0248
SWB,11/8/2018,11:30,NH4,0.1252
SWB,11/8/2018,11:30,NH4,0.1014
HAT,11/8/2018,12:18,NH4,0.1146
HAT,11/8/2018,12:18,NH4,0.0342
HAT,11/8/2018,12:18,NH4,0.077
HOGNW16,11/8/2018,12:53,NH4,0.1236
HOGNW16,11/8/2018,12:53,NH4,0.0526
HOGNW16,11/8/2018,12:53,NH4,0.0883
POSNW16,11/8/2018,13:10,NH4,0.1024
POSNW16,11/8/2018,13:10,NH4,0.0717
POSNW16,11/8/2018,13:10,NH4,0.0985
HOGDN,11/8/2018,13:45,NH4,0.1434
HOGDN,11/8/2018,13:45,NH4,0.1257
HOGDN,11/8/2018,13:45,NH4,0.116
TUM441,10/31/2018,12:44,Temp,23.3
TUM441,10/31/2018,12:44,DO_Sat,137
TUM441,10/31/2018,12:44,DO,11.69
TUM441,10/31/2018,12:44,SpCond,407.4
TUM441,10/31/2018,12:44,pH,8.71
TUM441,10/31/2018,12:44,Turb,0.7
SWB,10/31/2018,12:21,Temp,23.3
SWB,10/31/2018,12:21,DO_Sat,95.1
SWB,10/31/2018,12:21,DO,8.12
SWB,10/31/2018,12:21,SpCond,773.8
SWB,10/31/2018,12:21,pH,7.69
SWB,10/31/2018,12:21,Turb,1.1
HAT,10/31/2018,11:32,Temp,17.4
HAT,10/31/2018,11:32,DO_Sat,69.6
HAT,10/31/2018,11:32,DO,6.69
HAT,10/31/2018,11:32,SpCond,96.4
HAT,10/31/2018,11:32,pH,7.1
HAT,10/31/2018,11:32,Turb,1.6
HOGNW16,10/31/2018,10:36,Temp,17.8
HOGNW16,10/31/2018,10:36,DO_Sat,91.3
HOGNW16,10/31/2018,10:36,DO,8.69
HOGNW16,10/31/2018,10:36,SpCond,287
HOGNW16,10/31/2018,10:36,pH,7.84
HOGNW16,10/31/2018,10:36,Turb,1.8
POSNW16,10/31/2018,10:15,Temp,17.09
POSNW16,10/31/2018,10:15,DO_Sat,94.4
POSNW16,10/31/2018,10:15,DO,9.1
POSNW16,10/31/2018,10:15,SpCond,286.5
POSNW16,10/31/2018,10:15,pH,7.81
POSNW16,10/31/2018,10:15,Turb,2.5
HOGDN,10/31/2018,9:46,Temp,16.9
HOGDN,10/31/2018,9:46,DO_Sat,74.3
HOGDN,10/31/2018,9:46,DO,7.22
HOGDN,10/31/2018,9:46,SpCond,290.7
HOGDN,10/31/2018,9:46,pH,7.46
HOGDN,10/31/2018,9:46,Turb,4
TUM441,10/18/2018,9:36,Temp,25.9
TUM441,10/18/2018,9:36,DO_Sat,120.4
TUM441,10/18/2018,9:36,DO,9.79
TUM441,10/18/2018,9:36,SpCond,405.8
TUM441,10/18/2018,9:36,pH,8.43
SWB,10/18/2018,10:13,Temp,27.12
SWB,10/18/2018,10:13,DO_Sat,93.5
SWB,10/18/2018,10:13,DO,7.44
SWB,10/18/2018,10:13,SpCond,858.4
SWB,10/18/2018,10:13,pH,7.43
HAT,10/18/2018,10:55,Temp,24.3
HAT,10/18/2018,10:55,DO_Sat,52.3
HAT,10/18/2018,10:55,DO,4.35
HAT,10/18/2018,10:55,SpCond,97.7
HAT,10/18/2018,10:55,pH,6.66
HOGNW16,10/18/2018,11:30,Temp,24.58
HOGNW16,10/18/2018,11:30,DO_Sat,91
HOGNW16,10/18/2018,11:30,DO,7.59
HOGNW16,10/18/2018,11:30,SpCond,290.2
HOGNW16,10/18/2018,11:30,pH,7.95
POSNW16,10/18/2018,11:55,Temp,24.13
POSNW16,10/18/2018,11:55,DO_Sat,95.7
POSNW16,10/18/2018,11:55,DO,8.03
POSNW16,10/18/2018,11:55,SpCond,284.4
POSNW16,10/18/2018,11:55,pH,7.97
HOGDN,10/18/2018,12:38,Temp,25.61
HOGDN,10/18/2018,12:38,DO_Sat,48.9
HOGDN,10/18/2018,12:38,DO,4
HOGDN,10/18/2018,12:38,SpCond,291.9
HOGDN,10/18/2018,12:38,pH,7.38
TUM441,9/14/2018,9:45,Temp,27.1
TUM441,9/14/2018,9:45,DO_Sat,131.4
TUM441,9/14/2018,9:45,DO,10.45
TUM441,9/14/2018,9:45,pH,8.58
TUM441,9/14/2018,9:45,Turb,1
HAT,9/14/2018,11:06,Temp,25.6
HAT,9/14/2018,11:06,DO_Sat,71.7
HAT,9/14/2018,11:06,DO,5.84
HAT,9/14/2018,11:06,pH,6.15
HAT,9/14/2018,11:06,Turb,3.3
HOGNW16,9/14/2018,13:25,Temp,26.2
HOGNW16,9/14/2018,13:25,DO_Sat,92.3
HOGNW16,9/14/2018,13:25,DO,7.46
HOGNW16,9/14/2018,13:25,pH,7.94
HOGNW16,9/14/2018,13:25,Turb,1
POSNW16,9/14/2018,12:55,Temp,25.3
POSNW16,9/14/2018,12:55,DO_Sat,95.8
POSNW16,9/14/2018,12:55,DO,7.87
POSNW16,9/14/2018,12:55,pH,7.92
POSNW16,9/14/2018,12:55,Turb,5.6
TUM441,10/31/2018,12:44,OP,0.094
TUM441,10/31/2018,12:44,OP,0.138
TUM441,10/31/2018,12:44,OP,0.112
SWB,10/31/2018,12:21,OP,0.567
SWB,10/31/2018,12:21,OP,0.594
SWB,10/31/2018,12:21,OP,0.622
HAT,10/31/2018,11:32,OP,0.157
HAT,10/31/2018,11:32,OP,0.392
HAT,10/31/2018,11:32,OP,0.163
HOGNW16,10/31/2018,10:36,OP,0.561
HOGNW16,10/31/2018,10:36,OP,0.561
HOGNW16,10/31/2018,10:36,OP,0.596
POSNW16,10/31/2018,10:15,OP,0.96
POSNW16,10/31/2018,10:15,OP,0.718
POSNW16,10/31/2018,10:15,OP,0.945
HOGDN,10/31/2018,9:46,OP,0.686
HOGDN,10/31/2018,9:46,OP,0.675
HOGDN,10/31/2018,9:46,OP,0.678
TUM441,10/31/2018,12:44,NOx,0.161
TUM441,10/31/2018,12:44,NOx,0.161
TUM441,10/31/2018,12:44,NOx,0.159
SWB,10/31/2018,12:21,NOx,1.9
SWB,10/31/2018,12:21,NOx,2.374
SWB,10/31/2018,12:21,NOx,2.871
HAT,10/31/2018,11:32,NOx,0.092
HAT,10/31/2018,11:32,NOx,0.174
HAT,10/31/2018,11:32,NOx,0.109
HOGNW16,10/31/2018,10:36,NOx,0.343
HOGNW16,10/31/2018,10:36,NOx,0.415
HOGNW16,10/31/2018,10:36,NOx,0.229
POSNW16,10/31/2018,10:15,NOx,1.021
POSNW16,10/31/2018,10:15,NOx,0.167
POSNW16,10/31/2018,10:15,NOx,0.971
HOGDN,10/31/2018,9:46,NOx,0.33
HOGDN,10/31/2018,9:46,NOx,0.334
HOGDN,10/31/2018,9:46,NOx,0.367
TUM441,10/31/2018,12:44,NH4,1.5646
TUM441,10/31/2018,12:44,NH4,1.2562
TUM441,10/31/2018,12:44,NH4,0.7239
SWB,10/31/2018,12:21,NH4,0.5567
SWB,10/31/2018,12:21,NH4,0.3228
SWB,10/31/2018,12:21,NH4,0.3606
HAT,10/31/2018,11:32,NH4,0.1316
HAT,10/31/2018,11:32,NH4,0.2528
HAT,10/31/2018,11:32,NH4,0.2746
HOGNW16,10/31/2018,10:36,NH4,1.3794
HOGNW16,10/31/2018,10:36,NH4,1.1531
HOGNW16,10/31/2018,10:36,NH4,1.6895
POSNW16,10/31/2018,10:15,NH4,0.479
POSNW16,10/31/2018,10:15,NH4,0.7668
POSNW16,10/31/2018,10:15,NH4,0.9047
HOGDN,10/31/2018,9:46,NH4,0.3413
HOGDN,10/31/2018,9:46,NH4,0.1882
HOGDN,10/31/2018,9:46,NH4,0.2428
TUM441,10/18/2018,9:36,OP,0.165
TUM441,10/18/2018,9:36,OP,0.21
TUM441,10/18/2018,9:36,OP,0.158
SWB,10/18/2018,10:13,OP,0.42
SWB,10/18/2018,10:13,OP,0.414
SWB,10/18/2018,10:13,OP,0.416
HAT,10/18/2018,10:55,OP,0.224
HAT,10/18/2018,10:55,OP,0.199
HAT,10/18/2018,10:55,OP,0.187
HOGNW16,10/18/2018,11:30,OP,0.618
HOGNW16,10/18/2018,11:30,OP,0.609
HOGNW16,10/18/2018,11:30,OP,0.601
POSNW16,10/18/2018,11:55,OP,0.994
POSNW16,10/18/2018,11:55,OP,1.058
POSNW16,10/18/2018,11:55,OP,1.042
HOGDN,10/18/2018,12:38,OP,0.766
HOGDN,10/18/2018,12:38,OP,0.759
HOGDN,10/18/2018,12:38,OP,0.78
TUM441,10/18/2018,9:36,NOx,0.214
TUM441,10/18/2018,9:36,NOx,0.2
TUM441,10/18/2018,9:36,NOx,0.19
SWB,10/18/2018,10:13,NOx,2.366
SWB,10/18/2018,10:13,NOx,2.497
SWB,10/18/2018,10:13,NOx,2.514
HAT,10/18/2018,10:55,NOx,0.191
HAT,10/18/2018,10:55,NOx,0.191
HAT,10/18/2018,10:55,NOx,0.19
HOGNW16,10/18/2018,11:30,NOx,0.453
HOGNW16,10/18/2018,11:30,NOx,0.434
HOGNW16,10/18/2018,11:30,NOx,0.352
POSNW16,10/18/2018,11:55,NOx,0.95
POSNW16,10/18/2018,11:55,NOx,0.95
POSNW16,10/18/2018,11:55,NOx,0.984
HOGDN,10/18/2018,12:38,NOx,0.219
HOGDN,10/18/2018,12:38,NOx,0.226
HOGDN,10/18/2018,12:38,NOx,0.224
TUM441,10/18/2018,9:36,NH4,0.0203
TUM441,10/18/2018,9:36,NH4,0.0508
TUM441,10/18/2018,9:36,NH4,0.0523
SWB,10/18/2018,10:13,NH4,0.1343
SWB,10/18/2018,10:13,NH4,0.1035
SWB,10/18/2018,10:13,NH4,0.1519
HAT,10/18/2018,10:55,NH4,0.1091
HAT,10/18/2018,10:55,NH4,0.1275
HAT,10/18/2018,10:55,NH4,0.1078
HOGNW16,10/18/2018,11:30,NH4,0.0491
HOGNW16,10/18/2018,11:30,NH4,0.0448
HOGNW16,10/18/2018,11:30,NH4,0.051
POSNW16,10/18/2018,11:55,NH4,0.0275
POSNW16,10/18/2018,11:55,NH4,0.0412
POSNW16,10/18/2018,11:55,NH4,0.0597
HOGDN,10/18/2018,12:38,NH4,0.0806
HOGDN,10/18/2018,12:38,NH4,0.1168
HOGDN,10/18/2018,12:38,NH4,0.0993
TUM441,9/14/2018,9:45,NOx,0.29
TUM441,9/14/2018,9:45,NOx,0.286
TUM441,9/14/2018,9:45,NOx,0.286
HAT,9/14/2018,11:06,NOx,0.073
HAT,9/14/2018,11:06,NOx,0.043
HAT,9/14/2018,11:06,NOx,0.067
HOGNW16,9/14/2018,13:25,NOx,0.343
HOGNW16,9/14/2018,13:25,NOx,0.322
HOGNW16,9/14/2018,13:25,NOx,0.313
POSNW16,9/14/2018,12:55,NOx,0.628
POSNW16,9/14/2018,12:55,NOx,0.576
POSNW16,9/14/2018,12:55,NOx,0.649
TUM441,9/14/2018,9:45,NH4,0.2787
TUM441,9/14/2018,9:45,NH4,0.32
TUM441,9/14/2018,9:45,NH4,0.3635
HAT,9/14/2018,11:06,NH4,0.2143
HAT,9/14/2018,11:06,NH4,0.2015
HAT,9/14/2018,11:06,NH4,0.2994
HOGNW16,9/14/2018,13:25,NH4,0.2018
HOGNW16,9/14/2018,13:25,NH4,0.2429
HOGNW16,9/14/2018,13:25,NH4,0.2552
POSNW16,9/14/2018,12:55,NH4,0.2619
POSNW16,9/14/2018,12:55,NH4,0.2414
POSNW16,9/14/2018,12:55,NH4,0.2138
TUM441,9/14/2018,9:45,OP,0.118
TUM441,9/14/2018,9:45,OP,0.128
TUM441,9/14/2018,9:45,OP,0.118
HAT,9/14/2018,11:06,OP,0.108
HAT,9/14/2018,11:06,OP,0.093
HAT,9/14/2018,11:06,OP,0.113
HOGNW16,9/14/2018,13:25,OP,0.428
HOGNW16,9/14/2018,13:25,OP,0.41
HOGNW16,9/14/2018,13:25,OP,0.417
POSNW16,9/14/2018,12:55,OP,0.672
POSNW16,9/14/2018,12:55,OP,0.727
POSNW16,9/14/2018,12:55,OP,0.739
TUM441,11/13/2018,14:05,Temp,25.1
TUM441,11/13/2018,14:05,DO_Sat,129.5
TUM441,11/13/2018,14:05,DO,10.67
TUM441,11/13/2018,14:05,SpCond,394.1
TUM441,11/13/2018,14:05,pH,8.65
TUM441,11/13/2018,14:05,Turb,0.37
SWB,11/13/2018,13:44,Temp,25.5
SWB,11/13/2018,13:44,DO_Sat,97.7
SWB,11/13/2018,13:44,DO,7.97
SWB,11/13/2018,13:44,SpCond,837
SWB,11/13/2018,13:44,pH,7.68
SWB,11/13/2018,13:44,Turb,0.76
HAT,11/13/2018,12:54,Temp,21.7
HAT,11/13/2018,12:54,DO_Sat,69.3
HAT,11/13/2018,12:54,DO,6.09
HAT,11/13/2018,12:54,SpCond,112.3
HAT,11/13/2018,12:54,pH,6.98
HAT,11/13/2018,12:54,Turb,1.08
HOGNW16,11/13/2018,12:13,Temp,22.8
HOGNW16,11/13/2018,12:13,DO_Sat,92.1
HOGNW16,11/13/2018,12:13,DO,7.9
HOGNW16,11/13/2018,12:13,SpCond,287.7
HOGNW16,11/13/2018,12:13,pH,7.9
HOGNW16,11/13/2018,12:13,Turb,1.45
POSNW16,11/13/2018,11:54,Temp,22.2
POSNW16,11/13/2018,11:54,DO_Sat,96.2
POSNW16,11/13/2018,11:54,DO,8.38
POSNW16,11/13/2018,11:54,SpCond,285.3
POSNW16,11/13/2018,11:54,pH,7.96
POSNW16,11/13/2018,11:54,Turb,1.22
HOGDN,11/13/2018,11:17,Temp,22.3
HOGDN,11/13/2018,11:17,DO_Sat,65.3
HOGDN,11/13/2018,11:17,DO,5.67
HOGDN,11/13/2018,11:17,SpCond,271
HOGDN,11/13/2018,11:17,pH,7.3
HOGDN,11/13/2018,11:17,Turb,1.75
TUM441,11/29/2018,14:17,Temp,14.5
TUM441,11/29/2018,14:17,DO_Sat,117.5
TUM441,11/29/2018,14:17,DO,11.96
TUM441,11/29/2018,14:17,SpCond,380.7
TUM441,11/29/2018,14:17,pH,8.46
TUM441,11/29/2018,14:17,Turb,0.64
SWB,11/29/2018,13:15,Temp,18.2
SWB,11/29/2018,13:15,DO_Sat,96.9
SWB,11/29/2018,13:15,DO,9.11
SWB,11/29/2018,13:15,SpCond,801
SWB,11/29/2018,13:15,pH,7.63
SWB,11/29/2018,13:15,Turb,1.29
HAT,11/29/2018,12:37,Temp,10.06
HAT,11/29/2018,12:37,DO_Sat,89.9
HAT,11/29/2018,12:37,DO,10.01
HAT,11/29/2018,12:37,SpCond,93.2
HAT,11/29/2018,12:37,pH,7.24
HAT,11/29/2018,12:37,Turb,1.86
HOGNW16,11/29/2018,11:47,Temp,12.3
HOGNW16,11/29/2018,11:47,DO_Sat,95
HOGNW16,11/29/2018,11:47,DO,10.16
HOGNW16,11/29/2018,11:47,SpCond,278.8
HOGNW16,11/29/2018,11:47,pH,7.86
HOGNW16,11/29/2018,11:47,Turb,1.75
POSNW16,11/29/2018,11:30,Temp,11.6
POSNW16,11/29/2018,11:30,DO_Sat,99.3
POSNW16,11/29/2018,11:30,DO,10.78
POSNW16,11/29/2018,11:30,SpCond,271.3
POSNW16,11/29/2018,11:30,pH,7.87
POSNW16,11/29/2018,11:30,Turb,1.18
HOGDN,11/29/2018,11:05,Temp,9.4
HOGDN,11/29/2018,11:05,DO_Sat,83.5
HOGDN,11/29/2018,11:05,DO,9.55
HOGDN,11/29/2018,11:05,SpCond,258.3
HOGDN,11/29/2018,11:05,pH,7.01
HOGDN,11/29/2018,11:05,Turb,1.84
TUM441,12/5/2018,11:47,Temp,16.4
TUM441,12/5/2018,11:47,DO_Sat,115.5
TUM441,12/5/2018,11:47,DO,11.3
TUM441,12/5/2018,11:47,SpCond,351.8
TUM441,12/5/2018,11:47,pH,8.38
TUM441,12/5/2018,11:47,Turb,0.79
SWB,12/5/2018,11:40,Temp,19.1
SWB,12/5/2018,11:40,DO_Sat,99.3
SWB,12/5/2018,11:40,DO,9.17
SWB,12/5/2018,11:40,SpCond,683
SWB,12/5/2018,11:40,pH,7.79
SWB,12/5/2018,11:40,Turb,1.4
HAT,12/5/2018,10:54,Temp,14.9
HAT,12/5/2018,10:54,DO_Sat,84.1
HAT,12/5/2018,10:54,DO,8.5
HAT,12/5/2018,10:54,SpCond,98.4
HAT,12/5/2018,10:54,pH,7
HAT,12/5/2018,10:54,Turb,1.43
HOGNW16,12/5/2018,10:12,Temp,14
HOGNW16,12/5/2018,10:12,DO_Sat,93.8
HOGNW16,12/5/2018,10:12,DO,9.65
HOGNW16,12/5/2018,10:12,SpCond,257.8
HOGNW16,12/5/2018,10:12,pH,7.87
HOGNW16,12/5/2018,10:12,Turb,1.9
POSNW16,12/5/2018,9:59,Temp,13.8
POSNW16,12/5/2018,9:59,DO_Sat,96.4
POSNW16,12/5/2018,9:59,DO,9.98
POSNW16,12/5/2018,9:59,SpCond,241.5
POSNW16,12/5/2018,9:59,pH,7.83
POSNW16,12/5/2018,9:59,Turb,2.08
HOGDN,12/5/2018,9:29,Temp,12.7
HOGDN,12/5/2018,9:29,DO_Sat,64.8
HOGDN,12/5/2018,9:29,DO,6.85
HOGDN,12/5/2018,9:29,SpCond,214
HOGDN,12/5/2018,9:29,pH,7.12
HOGDN,12/5/2018,9:29,Turb,1.71
TUM441,12/20/2018,12:53,Temp,17.4
TUM441,12/20/2018,12:53,DO_Sat,97.4
TUM441,12/20/2018,12:53,DO,9.33
TUM441,12/20/2018,12:53,SpCond,71.1
TUM441,12/20/2018,12:53,pH,7.91
TUM441,12/20/2018,12:53,Turb,19.65
SWB,12/20/2018,12:37,Temp,17.8
SWB,12/20/2018,12:37,DO_Sat,96.7
SWB,12/20/2018,12:37,DO,9.19
SWB,12/20/2018,12:37,SpCond,175.5
SWB,12/20/2018,12:37,pH,7.27
SWB,12/20/2018,12:37,Turb,27.38
HAT,12/20/2018,11:51,Temp,14.8
HAT,12/20/2018,11:51,DO_Sat,83.8
HAT,12/20/2018,11:51,DO,8.93
HAT,12/20/2018,11:51,SpCond,71.2
HAT,12/20/2018,11:51,pH,6.09
HAT,12/20/2018,11:51,Turb,2.63
HOGNW16,12/20/2018,11:11,Temp,17.1
HOGNW16,12/20/2018,11:11,DO_Sat,91.3
HOGNW16,12/20/2018,11:11,DO,8.81
HOGNW16,12/20/2018,11:11,SpCond,127.6
HOGNW16,12/20/2018,11:11,pH,7.35
HOGNW16,12/20/2018,11:11,Turb,30.47
POSNW16,12/20/2018,10:53,Temp,16.6
POSNW16,12/20/2018,10:53,DO_Sat,89.4
POSNW16,12/20/2018,10:53,DO,8.71
POSNW16,12/20/2018,10:53,SpCond,148.3
POSNW16,12/20/2018,10:53,pH,7.21
POSNW16,12/20/2018,10:53,Turb,16.3
HOGDN,12/20/2018,10:28,Temp,15.7
HOGDN,12/20/2018,10:28,DO_Sat,66.8
HOGDN,12/20/2018,10:28,DO,6.63
HOGDN,12/20/2018,10:28,SpCond,170.8
HOGDN,12/20/2018,10:28,pH,7.37
HOGDN,12/20/2018,10:28,Turb,2.73
HOGNW16,11/13/2018,12:13,NOx,0.38
HOGNW16,11/13/2018,12:13,NOx,0.367
HOGNW16,11/13/2018,12:13,NOx,0.368
HOGDN,11/13/2018,11:17,NOx,0.189
HOGDN,11/13/2018,11:17,NOx,0.172
HOGDN,11/13/2018,11:17,NOx,0.187
SWB,11/13/2018,13:44,NOx,1.832
SWB,11/13/2018,13:44,NOx,1.812
SWB,11/13/2018,13:44,NOx,1.802
POSNW16,11/13/2018,11:54,NOx,0.804
POSNW16,11/13/2018,11:54,NOx,0.793
POSNW16,11/13/2018,11:54,NOx,0.802
TUM441,11/13/2018,14:05,NOx,0.105
TUM441,11/13/2018,14:05,NOx,0.108
TUM441,11/13/2018,14:05,NOx,0.116
HAT,11/13/2018,12:54,NOx,0.106
HAT,11/13/2018,12:54,NOx,0.1
HAT,11/13/2018,12:54,NOx,0.102
HOGNW16,11/13/2018,12:13,OP,0.606
HOGNW16,11/13/2018,12:13,OP,0.619
HOGNW16,11/13/2018,12:13,OP,0.606
HOGDN,11/13/2018,11:17,OP,0.824
HOGDN,11/13/2018,11:17,OP,0.812
HOGDN,11/13/2018,11:17,OP,0.81
SWB,11/13/2018,13:44,OP,0.233
SWB,11/13/2018,13:44,OP,0.235
SWB,11/13/2018,13:44,OP,0.203
POSNW16,11/13/2018,11:54,OP,1.144
POSNW16,11/13/2018,11:54,OP,1.007
POSNW16,11/13/2018,11:54,OP,0.991
TUM441,11/13/2018,14:05,OP,0.146
TUM441,11/13/2018,14:05,OP,0.163
TUM441,11/13/2018,14:05,OP,0.131
HAT,11/13/2018,12:54,OP,0.222
HAT,11/13/2018,12:54,OP,0.209
HAT,11/13/2018,12:54,OP,0.221
HOGNW16,11/13/2018,12:13,NH4,0.0112
HOGNW16,11/13/2018,12:13,NH4,0.0251
HOGNW16,11/13/2018,12:13,NH4,0.0164
HOGDN,11/13/2018,11:17,NH4,0.031
HOGDN,11/13/2018,11:17,NH4,0.0106
HOGDN,11/13/2018,11:17,NH4,0.0208
SWB,11/13/2018,13:44,NH4,0.0154
SWB,11/13/2018,13:44,NH4,-0.0067
SWB,11/13/2018,13:44,NH4,0.0157
POSNW16,11/13/2018,11:54,NH4,-0.0145
POSNW16,11/13/2018,11:54,NH4,-0.0112
POSNW16,11/13/2018,11:54,NH4,-0.0146
TUM441,11/13/2018,14:05,NH4,0.0052
TUM441,11/13/2018,14:05,NH4,0.001
TUM441,11/13/2018,14:05,NH4,0.032
HAT,11/13/2018,12:54,NH4,0.0773
HAT,11/13/2018,12:54,NH4,0.0796
HAT,11/13/2018,12:54,NH4,0.0926
HOGNW16,11/29/2018,11:47,NOx,0.366
HOGNW16,11/29/2018,11:47,NOx,0.349
HOGNW16,11/29/2018,11:47,NOx,0.349
HOGDN,11/29/2018,11:05,NOx,0.224
HOGDN,11/29/2018,11:05,NOx,0.218
HOGDN,11/29/2018,11:05,NOx,0.227
SWB,11/29/2018,13:15,NOx,6.837
SWB,11/29/2018,13:15,NOx,6.673
SWB,11/29/2018,13:15,NOx,6.69
POSNW16,11/29/2018,11:30,NOx,0.877
POSNW16,11/29/2018,11:30,NOx,0.854
POSNW16,11/29/2018,11:30,NOx,0.86
TUM441,11/29/2018,14:17,NOx,0.031
TUM441,11/29/2018,14:17,NOx,0.031
TUM441,11/29/2018,14:17,NOx,0.05
HAT,11/29/2018,12:37,NOx,0.058
HAT,11/29/2018,12:37,NOx,0.062
HAT,11/29/2018,12:37,NOx,0.06
HOGNW16,11/29/2018,11:47,OP,0.512
HOGNW16,11/29/2018,11:47,OP,0.514
HOGNW16,11/29/2018,11:47,OP,0.497
HOGDN,11/29/2018,11:05,OP,0.609
HOGDN,11/29/2018,11:05,OP,0.604
HOGDN,11/29/2018,11:05,OP,0.605
SWB,11/29/2018,13:15,OP,0.367
SWB,11/29/2018,13:15,OP,0.354
SWB,11/29/2018,13:15,OP,0.359
POSNW16,11/29/2018,11:30,OP,0.864
POSNW16,11/29/2018,11:30,OP,0.855
POSNW16,11/29/2018,11:30,OP,0.854
TUM441,11/29/2018,14:17,OP,0.131
TUM441,11/29/2018,14:17,OP,0.132
TUM441,11/29/2018,14:17,OP,0.13
HAT,11/29/2018,12:37,OP,0.224
HAT,11/29/2018,12:37,OP,0.225
HAT,11/29/2018,12:37,OP,0.223
HOGNW16,11/29/2018,11:47,NH4,0.0986
HOGNW16,11/29/2018,11:47,NH4,0.0997
HOGNW16,11/29/2018,11:47,NH4,0.0582
HOGDN,11/29/2018,11:05,NH4,0.2362
HOGDN,11/29/2018,11:05,NH4,0.1749
HOGDN,11/29/2018,11:05,NH4,0.2918
SWB,11/29/2018,13:15,NH4,0.8233
SWB,11/29/2018,13:15,NH4,0.3985
SWB,11/29/2018,13:15,NH4,0.3313
POSNW16,11/29/2018,11:30,NH4,0.202
POSNW16,11/29/2018,11:30,NH4,0.157
POSNW16,11/29/2018,11:30,NH4,0.1504
TUM441,11/29/2018,14:17,NH4,0.0977
TUM441,11/29/2018,14:17,NH4,0.0907
TUM441,11/29/2018,14:17,NH4,0.095
HAT,11/29/2018,12:37,NH4,0.1039
HAT,11/29/2018,12:37,NH4,0.1184
HAT,11/29/2018,12:37,NH4,0.108
HAT,12/5/2018,10:54,NOx,0.04
HAT,12/5/2018,10:54,NOx,0.04
HAT,12/5/2018,10:54,NOx,0.034
POSNW16,12/5/2018,9:59,NOx,0.574
POSNW16,12/5/2018,9:59,NOx,0.575
POSNW16,12/5/2018,9:59,NOx,0.593
HOGNW16,12/5/2018,10:12,NOx,0.16
HOGNW16,12/5/2018,10:12,NOx,0.075
HOGNW16,12/5/2018,10:12,NOx,0.068
HOGDN,12/5/2018,9:29,NOx,0.027
HOGDN,12/5/2018,9:29,NOx,0.023
HOGDN,12/5/2018,9:29,NOx,0.026
SWB,12/5/2018,11:40,NOx,3.451
SWB,12/5/2018,11:40,NOx,3.541
SWB,12/5/2018,11:40,NOx,3.428
TUM441,12/5/2018,11:47,NOx,0.257
TUM441,12/5/2018,11:47,NOx,0.259
TUM441,12/5/2018,11:47,NOx,0.263
HAT,12/5/2018,10:54,OP,0.581
HAT,12/5/2018,10:54,OP,0.589
HAT,12/5/2018,10:54,OP,0.579
POSNW16,12/5/2018,9:59,OP,0.736
POSNW16,12/5/2018,9:59,OP,0.746
POSNW16,12/5/2018,9:59,OP,0.741
HOGNW16,12/5/2018,10:12,OP,0.113
HOGNW16,12/5/2018,10:12,OP,0.114
HOGNW16,12/5/2018,10:12,OP,0.11
HOGDN,12/5/2018,9:29,OP,0.19
HOGDN,12/5/2018,9:29,OP,0.19
HOGDN,12/5/2018,9:29,OP,0.19
SWB,12/5/2018,11:40,OP,0.653
SWB,12/5/2018,11:40,OP,0.649
SWB,12/5/2018,11:40,OP,0.662
TUM441,12/5/2018,11:47,OP,0.394
TUM441,12/5/2018,11:47,OP,0.395
TUM441,12/5/2018,11:47,OP,0.396
HAT,12/5/2018,10:54,NH4,-0.0064
HAT,12/5/2018,10:54,NH4,0.0131
HAT,12/5/2018,10:54,NH4,-0.0032
POSNW16,12/5/2018,9:59,NH4,0.0491
POSNW16,12/5/2018,9:59,NH4,0.0619
POSNW16,12/5/2018,9:59,NH4,0.0503
HOGNW16,12/5/2018,10:12,NH4,0.0202
HOGNW16,12/5/2018,10:12,NH4,0.0154
HOGNW16,12/5/2018,10:12,NH4,-0.0034
HOGDN,12/5/2018,9:29,NH4,0.0252
HOGDN,12/5/2018,9:29,NH4,0.0375
HOGDN,12/5/2018,9:29,NH4,0.0209
SWB,12/5/2018,11:40,NH4,0.0097
SWB,12/5/2018,11:40,NH4,0.0142
SWB,12/5/2018,11:40,NH4,0.0232
TUM441,12/5/2018,11:47,NH4,0.1687
TUM441,12/5/2018,11:47,NH4,0.1718
TUM441,12/5/2018,11:47,NH4,0.2563
HAT,12/20/2018,11:51,NOx,0.068
HAT,12/20/2018,11:51,NOx,0.073
HAT,12/20/2018,11:51,NOx,0.067
POSNW16,12/20/2018,10:53,NOx,0.38
POSNW16,12/20/2018,10:53,NOx,0.371
POSNW16,12/20/2018,10:53,NOx,0.373
HOGNW16,12/20/2018,11:11,NOx,0.061
HOGNW16,12/20/2018,11:11,NOx,0.054
HOGNW16,12/20/2018,11:11,NOx,0.061
HOGDN,12/20/2018,10:28,NOx,-0.001
HOGDN,12/20/2018,10:28,NOx,-0.002
HOGDN,12/20/2018,10:28,NOx,-0.001
SWB,12/20/2018,12:37,NOx,0.186
SWB,12/20/2018,12:37,NOx,0.213
SWB,12/20/2018,12:37,NOx,0.209
TUM441,12/20/2018,12:53,NOx,0.075
TUM441,12/20/2018,12:53,NOx,0.089
TUM441,12/20/2018,12:53,NOx,0.089
HAT,12/20/2018,11:51,OP,0.255
HAT,12/20/2018,11:51,OP,0.262
HAT,12/20/2018,11:51,OP,0.252
POSNW16,12/20/2018,10:53,OP,0.239
POSNW16,12/20/2018,10:53,OP,0.221
POSNW16,12/20/2018,10:53,OP,0.23
HOGNW16,12/20/2018,11:11,OP,0.13
HOGNW16,12/20/2018,11:11,OP,0.127
HOGNW16,12/20/2018,11:11,OP,0.14
HOGDN,12/20/2018,10:28,OP,0.059
HOGDN,12/20/2018,10:28,OP,0.058
HOGDN,12/20/2018,10:28,OP,0.059
SWB,12/20/2018,12:37,OP,0.601
SWB,12/20/2018,12:37,OP,0.592
SWB,12/20/2018,12:37,OP,0.572
TUM441,12/20/2018,12:53,OP,0.208
TUM441,12/20/2018,12:53,OP,0.211
TUM441,12/20/2018,12:53,OP,0.2
HAT,12/20/2018,11:51,NH4,0.249
HAT,12/20/2018,11:51,NH4,0.3508
HAT,12/20/2018,11:51,NH4,0.2803
POSNW16,12/20/2018,10:53,NH4,0.4515
POSNW16,12/20/2018,10:53,NH4,0.3829
POSNW16,12/20/2018,10:53,NH4,0.698
HOGNW16,12/20/2018,11:11,NH4,0.791
HOGNW16,12/20/2018,11:11,NH4,0.3045
HOGNW16,12/20/2018,11:11,NH4,0.4524
HOGDN,12/20/2018,10:28,NH4,0.3491
HOGDN,12/20/2018,10:28,NH4,0.1637
HOGDN,12/20/2018,10:28,NH4,0.114
SWB,12/20/2018,12:37,NH4,0.2195
SWB,12/20/2018,12:37,NH4,0.1719
SWB,12/20/2018,12:37,NH4,0.1807
TUM441,12/20/2018,12:53,NH4,0.0727
TUM441,12/20/2018,12:53,NH4,0.2058
TUM441,12/20/2018,12:53,NH4,0.0893
TUM441,1/4/2019,11:28,Temp,21.9
TUM441,1/4/2019,11:28,DO_Sat,114.8
TUM441,1/4/2019,11:28,DO,10.05
TUM441,1/4/2019,11:28,SpCond,395.7
TUM441,1/4/2019,11:28,pH,8.16
TUM441,1/4/2019,11:28,Turb,4.85
SWB,1/4/2019,11:13,Temp,22.4
SWB,1/4/2019,11:13,DO_Sat,97.9
SWB,1/4/2019,11:13,DO,8.47
SWB,1/4/2019,11:13,SpCond,770
SWB,1/4/2019,11:13,pH,7.36
SWB,1/4/2019,11:13,Turb,1.06
HAT,1/4/2019,10:34,Temp,19.4
HAT,1/4/2019,10:34,DO_Sat,75.5
HAT,1/4/2019,10:34,DO,6.93
HAT,1/4/2019,10:34,SpCond,73.1
HAT,1/4/2019,10:34,pH,6.29
HAT,1/4/2019,10:34,Turb,1.2
HOGNW16,1/4/2019,9:51,Temp,20.4
HOGNW16,1/4/2019,9:51,DO_Sat,91.6
HOGNW16,1/4/2019,9:51,DO,8.26
HOGNW16,1/4/2019,9:51,SpCond,247.1
HOGNW16,1/4/2019,9:51,pH,7.52
HOGNW16,1/4/2019,9:51,Turb,2.89
POSNW16,1/4/2019,9:38,Temp,20.2
POSNW16,1/4/2019,9:38,DO_Sat,93.8
POSNW16,1/4/2019,9:38,DO,8.49
POSNW16,1/4/2019,9:38,SpCond,249
POSNW16,1/4/2019,9:38,pH,7.35
POSNW16,1/4/2019,9:38,Turb,2.79
HOGDN,1/4/2019,9:15,Temp,20.1
HOGDN,1/4/2019,9:15,DO_Sat,44.6
HOGDN,1/4/2019,9:15,DO,4.05
HOGDN,1/4/2019,9:15,SpCond,235.6
HOGDN,1/4/2019,9:15,pH,6.75
HOGDN,1/4/2019,9:15,Turb,1.18
TUM441,1/18/2019,11:43,Temp,16.7
TUM441,1/18/2019,11:43,DO_Sat,139.5
TUM441,1/18/2019,11:43,DO,13.57
TUM441,1/18/2019,11:43,SpCond,390.2
TUM441,1/18/2019,11:43,pH,8.62
TUM441,1/18/2019,11:43,Turb,0.75
SWB,1/18/2019,11:27,Temp,18.4
SWB,1/18/2019,11:27,DO_Sat,98.3
SWB,1/18/2019,11:27,DO,9.2
SWB,1/18/2019,11:27,SpCond,795
SWB,1/18/2019,11:27,pH,7.47
SWB,1/18/2019,11:27,Turb,3.6
HAT,1/18/2019,10:38,Temp,10.9
HAT,1/18/2019,10:38,DO_Sat,89.9
HAT,1/18/2019,10:38,DO,9.91
HAT,1/18/2019,10:38,SpCond,74.8
HAT,1/18/2019,10:38,pH,6.78
HAT,1/18/2019,10:38,Turb,2.3
HOGNW16,1/18/2019,9:59,Temp,13.6
HOGNW16,1/18/2019,9:59,DO_Sat,95.7
HOGNW16,1/18/2019,9:59,DO,9.93
HOGNW16,1/18/2019,9:59,SpCond,262.9
HOGNW16,1/18/2019,9:59,pH,7.74
HOGNW16,1/18/2019,9:59,Turb,1.87
POSNW16,1/18/2019,9:39,Temp,13.3
POSNW16,1/18/2019,9:39,DO_Sat,97.1
POSNW16,1/18/2019,9:39,DO,10.16
POSNW16,1/18/2019,9:39,SpCond,257
POSNW16,1/18/2019,9:39,pH,7.49
POSNW16,1/18/2019,9:39,Turb,1.5
HOGDN,1/18/2019,9:14,Temp,11.2
HOGDN,1/18/2019,9:14,DO_Sat,75.1
HOGDN,1/18/2019,9:14,DO,8.23
HOGDN,1/18/2019,9:14,SpCond,254
HOGDN,1/18/2019,9:14,pH,6.93
HOGDN,1/18/2019,9:14,Turb,1.15
HOGDN,1/4/2019,9:15,NOx,0.025
HOGDN,1/4/2019,9:15,NOx,0.283
HOGDN,1/4/2019,9:15,NOx,0.03
POSNW16,1/4/2019,9:38,NOx,0.523
POSNW16,1/4/2019,9:38,NOx,0.484
POSNW16,1/4/2019,9:38,NOx,0.497
HOGNW16,1/4/2019,9:51,NOx,0.263
HOGNW16,1/4/2019,9:51,NOx,0.252
HOGNW16,1/4/2019,9:51,NOx,0.219
HAT,1/4/2019,10:34,NOx,0.007
HAT,1/4/2019,10:34,NOx,0.007
HAT,1/4/2019,10:34,NOx,0.009
SWB,1/4/2019,11:13,NOx,2.215
SWB,1/4/2019,11:13,NOx,2.271
SWB,1/4/2019,11:13,NOx,2.21
TUM441,1/4/2019,11:28,NOx,0.402
TUM441,1/4/2019,11:28,NOx,0.347
TUM441,1/4/2019,11:28,NOx,0.329
HOGDN,1/4/2019,9:15,OP,0.629
HOGDN,1/4/2019,9:15,OP,0.658
HOGDN,1/4/2019,9:15,OP,0.504
POSNW16,1/4/2019,9:38,OP,0.813
POSNW16,1/4/2019,9:38,OP,0.74
POSNW16,1/4/2019,9:38,OP,0.743
HOGNW16,1/4/2019,9:51,OP,0.329
HOGNW16,1/4/2019,9:51,OP,0.332
HOGNW16,1/4/2019,9:51,OP,0.32
HAT,1/4/2019,10:34,OP,0.067
HAT,1/4/2019,10:34,OP,0.071
HAT,1/4/2019,10:34,OP,0.068
SWB,1/4/2019,11:13,OP,0.192
SWB,1/4/2019,11:13,OP,0.195
SWB,1/4/2019,11:13,OP,0.189
TUM441,1/4/2019,11:28,OP,0.143
TUM441,1/4/2019,11:28,OP,0.139
TUM441,1/4/2019,11:28,OP,0.134
HOGDN,1/4/2019,9:15,NH4,-0.0003
HOGDN,1/4/2019,9:15,NH4,0.0489
HOGDN,1/4/2019,9:15,NH4,0.0304
POSNW16,1/4/2019,9:38,NH4,0.01
POSNW16,1/4/2019,9:38,NH4,0.0387
POSNW16,1/4/2019,9:38,NH4,0.0444
HOGNW16,1/4/2019,9:51,NH4,0.0553
HOGNW16,1/4/2019,9:51,NH4,0.0215
HOGNW16,1/4/2019,9:51,NH4,0.0225
HAT,1/4/2019,10:34,NH4,0.0951
HAT,1/4/2019,10:34,NH4,0.1035
HAT,1/4/2019,10:34,NH4,0.0991
SWB,1/4/2019,11:13,NH4,0.1693
SWB,1/4/2019,11:13,NH4,0.1571
SWB,1/4/2019,11:13,NH4,0.0332
TUM441,1/4/2019,11:28,NH4,0.0235
TUM441,1/4/2019,11:28,NH4,0.0423
TUM441,1/4/2019,11:28,NH4,0.1078
HOGDN,1/18/2019,9:14,NOx,0.279
HOGDN,1/18/2019,9:14,NOx,0.222
HOGDN,1/18/2019,9:14,NOx,0.218
POSNW16,1/18/2019,9:39,NOx,0.748
POSNW16,1/18/2019,9:39,NOx,0.744
POSNW16,1/18/2019,9:39,NOx,0.675
HOGNW16,1/18/2019,9:59,NOx,0.317
HOGNW16,1/18/2019,9:59,NOx,0.313
HOGNW16,1/18/2019,9:59,NOx,0.297
HAT,1/18/2019,10:38,NOx,0.037
HAT,1/18/2019,10:38,NOx,0.031
HAT,1/18/2019,10:38,NOx,0.015
SWB,1/18/2019,11:27,NOx,3.554
SWB,1/18/2019,11:27,NOx,1.307
SWB,1/18/2019,11:27,NOx,3.488
TUM441,1/18/2019,11:43,NOx,0.26
TUM441,1/18/2019,11:43,NOx,0.28
TUM441,1/18/2019,11:43,NOx,0.271
HOGDN,1/18/2019,9:14,OP,0.412
HOGDN,1/18/2019,9:14,OP,0.402
HOGDN,1/18/2019,9:14,OP,0.408
POSNW16,1/18/2019,9:39,OP,0.676
POSNW16,1/18/2019,9:39,OP,0.686
POSNW16,1/18/2019,9:39,OP,0.686
HOGNW16,1/18/2019,9:59,OP,0.344
HOGNW16,1/18/2019,9:59,OP,0.345
HOGNW16,1/18/2019,9:59,OP,0.321
HAT,1/18/2019,10:38,OP,0.053
HAT,1/18/2019,10:38,OP,0.148
HAT,1/18/2019,10:38,OP,0.051
SWB,1/18/2019,11:27,OP,0.193
SWB,1/18/2019,11:27,OP,0.119
SWB,1/18/2019,11:27,OP,0.204
TUM441,1/18/2019,11:43,OP,0.097
TUM441,1/18/2019,11:43,OP,0.101
TUM441,1/18/2019,11:43,OP,0.091
HOGDN,1/18/2019,9:14,NH4,0.2728
HOGDN,1/18/2019,9:14,NH4,0.1965
HOGDN,1/18/2019,9:14,NH4,0.1664
POSNW16,1/18/2019,9:39,NH4,0.3967
POSNW16,1/18/2019,9:39,NH4,0.4485
POSNW16,1/18/2019,9:39,NH4,0.6049
HOGNW16,1/18/2019,9:59,NH4,0.7202
HOGNW16,1/18/2019,9:59,NH4,0.6888
HOGNW16,1/18/2019,9:59,NH4,0.3684
HAT,1/18/2019,10:38,NH4,0.3257
HAT,1/18/2019,10:38,NH4,0.3925
HAT,1/18/2019,10:38,NH4,0.1658
SWB,1/18/2019,11:27,NH4,0.2007
SWB,1/18/2019,11:27,NH4,0.1454
SWB,1/18/2019,11:27,NH4,0.0996
TUM441,1/18/2019,11:43,NH4,0.0958
TUM441,1/18/2019,11:43,NH4,0.1224
TUM441,1/18/2019,11:43,NH4,0.0719
TUM441,1/25/2019,12:12,Temp,15.2
TUM441,1/25/2019,12:12,DO_Sat,107.3
TUM441,1/25/2019,12:12,DO,10.75
TUM441,1/25/2019,12:12,SpCond,271.6
TUM441,1/25/2019,12:12,pH,8.03
TUM441,1/25/2019,12:12,Turb,3.37
SWB,1/25/2019,11:57,Temp,17.5
SWB,1/25/2019,11:57,DO_Sat,99.6
SWB,1/25/2019,11:57,DO,9.51
SWB,1/25/2019,11:57,SpCond,589
SWB,1/25/2019,11:57,pH,7.54
SWB,1/25/2019,11:57,Turb,2.2
HAT,1/25/2019,11:13,Temp,13.1
HAT,1/25/2019,11:13,DO_Sat,82
HAT,1/25/2019,11:13,DO,8.58
HAT,1/25/2019,11:13,SpCond,57.8
HAT,1/25/2019,11:13,pH,5.77
HAT,1/25/2019,11:13,Turb,2.75
HOGNW16,1/25/2019,10:33,Temp,13.4
HOGNW16,1/25/2019,10:33,DO_Sat,96.1
HOGNW16,1/25/2019,10:33,DO,10.01
HOGNW16,1/25/2019,10:33,SpCond,162.1
HOGNW16,1/25/2019,10:33,pH,7.55
HOGNW16,1/25/2019,10:33,Turb,7.5
POSNW16,1/25/2019,10:14,Temp,13
POSNW16,1/25/2019,10:14,DO_Sat,96.1
POSNW16,1/25/2019,10:14,DO,10.09
POSNW16,1/25/2019,10:14,SpCond,164.4
POSNW16,1/25/2019,10:14,pH,6.9
POSNW16,1/25/2019,10:14,Turb,5.03
HOGDN,1/25/2019,9:49,Temp,12.5
HOGDN,1/25/2019,9:49,DO_Sat,62
HOGDN,1/25/2019,9:49,DO,6.6
HOGDN,1/25/2019,9:49,SpCond,137.9
HOGDN,1/25/2019,9:49,pH,6.9
HOGDN,1/25/2019,9:49,Turb,5.03
TUM441,2/6/2019,14:53,Temp,20
TUM441,2/6/2019,14:53,DO_Sat,138.9
TUM441,2/6/2019,14:53,DO,12.63
TUM441,2/6/2019,14:53,SpCond,374.1
TUM441,2/6/2019,14:53,pH,8.54
TUM441,2/6/2019,14:53,Turb,0.89
SWB,2/6/2019,14:35,Temp,20.6
SWB,2/6/2019,14:35,DO_Sat,97.4
SWB,2/6/2019,14:35,DO,8.74
SWB,2/6/2019,14:35,SpCond,580
SWB,2/6/2019,14:35,pH,7.35
SWB,2/6/2019,14:35,Turb,3.92
HAT,2/6/2019,13:41,Temp,16.2
HAT,2/6/2019,13:41,DO_Sat,84.9
HAT,2/6/2019,13:41,DO,8.32
HAT,2/6/2019,13:41,SpCond,59.6
HAT,2/6/2019,13:41,pH,5.9
HAT,2/6/2019,13:41,Turb,1.53
POSNW16,2/6/2019,12:33,Temp,17.7
POSNW16,2/6/2019,12:33,DO_Sat,98.5
POSNW16,2/6/2019,12:33,DO,9.36
POSNW16,2/6/2019,12:33,SpCond,236.7
POSNW16,2/6/2019,12:33,pH,7.54
POSNW16,2/6/2019,12:33,Turb,4.65
HOGDN,2/6/2019,12:08,Temp,16.7
HOGDN,2/6/2019,12:08,DO_Sat,49.7
HOGDN,2/6/2019,12:08,DO,4.82
HOGDN,2/6/2019,12:08,SpCond,227.3
HOGDN,2/6/2019,12:08,pH,6.9
HOGDN,2/6/2019,12:08,Turb,1.52
HOGDN,1/25/2019,9:49,NOx,0.02
HOGDN,1/25/2019,9:49,NOx,0.025
HOGDN,1/25/2019,9:49,NOx,0.021
POSNW16,1/25/2019,10:14,NOx,0.241
POSNW16,1/25/2019,10:14,NOx,0.232
POSNW16,1/25/2019,10:14,NOx,0.23
HOGNW16,1/25/2019,10:33,NOx,0.131
HOGNW16,1/25/2019,10:33,NOx,0.109
HOGNW16,1/25/2019,10:33,NOx,0.106
HAT,1/25/2019,11:13,NOx,0.011
HAT,1/25/2019,11:13,NOx,0.01
HAT,1/25/2019,11:13,NOx,0.009
SWB,1/25/2019,11:57,NOx,1.674
SWB,1/25/2019,11:57,NOx,1.635
SWB,1/25/2019,11:57,NOx,1.68
TUM441,1/25/2019,12:12,NOx,0.219
TUM441,1/25/2019,12:12,NOx,0.208
TUM441,1/25/2019,12:12,NOx,0.203
HOGDN,1/25/2019,9:49,OP,0.297
HOGDN,1/25/2019,9:49,OP,0.296
HOGDN,1/25/2019,9:49,OP,0.298
POSNW16,1/25/2019,10:14,OP,0.439
POSNW16,1/25/2019,10:14,OP,0.429
POSNW16,1/25/2019,10:14,OP,0.422
HOGNW16,1/25/2019,10:33,OP,0.124
HOGNW16,1/25/2019,10:33,OP,0.132
HOGNW16,1/25/2019,10:33,OP,0.141
HAT,1/25/2019,11:13,OP,0.094
HAT,1/25/2019,11:13,OP,0.086
HAT,1/25/2019,11:13,OP,0.091
SWB,1/25/2019,11:57,OP,0.145
SWB,1/25/2019,11:57,OP,0.142
SWB,1/25/2019,11:57,OP,0.144
TUM441,1/25/2019,12:12,OP,0.097
TUM441,1/25/2019,12:12,OP,0.091
TUM441,1/25/2019,12:12,OP,0.096
HOGDN,1/25/2019,9:49,NH4,-0.0226
HOGDN,1/25/2019,9:49,NH4,-0.002
HOGDN,1/25/2019,9:49,NH4,-0.01
POSNW16,1/25/2019,10:14,NH4,0.0126
POSNW16,1/25/2019,10:14,NH4,-0.0107
POSNW16,1/25/2019,10:14,NH4,-0.0145
HOGNW16,1/25/2019,10:33,NH4,0.0132
HOGNW16,1/25/2019,10:33,NH4,0.014
HOGNW16,1/25/2019,10:33,NH4,0.018
HAT,1/25/2019,11:13,NH4,0.0269
HAT,1/25/2019,11:13,NH4,-0.0121
HAT,1/25/2019,11:13,NH4,0.0185
SWB,1/25/2019,11:57,NH4,0.0907
SWB,1/25/2019,11:57,NH4,0.0857
SWB,1/25/2019,11:57,NH4,0.1486
TUM441,1/25/2019,12:12,NH4,0.1141
TUM441,1/25/2019,12:12,NH4,0.2529
TUM441,1/25/2019,12:12,NH4,0.246
HOGDN,2/6/2019,12:08,NOx,0.053
HOGDN,2/6/2019,12:08,NOx,0.059
HOGDN,2/6/2019,12:08,NOx,0.06
POSNW16,2/6/2019,12:33,NOx,0.512
POSNW16,2/6/2019,12:33,NOx,0.512
POSNW16,2/6/2019,12:33,NOx,0.503
HAT,2/6/2019,13:41,NOx,0.012
HAT,2/6/2019,13:41,NOx,0.012
HAT,2/6/2019,13:41,NOx,0.012
SWB,2/6/2019,14:35,NOx,3.892
SWB,2/6/2019,14:35,NOx,3.899
SWB,2/6/2019,14:35,NOx,3.718
TUM441,2/6/2019,14:53,NOx,0.358
TUM441,2/6/2019,14:53,NOx,0.326
TUM441,2/6/2019,14:53,NOx,0.316
HOGDN,2/6/2019,12:08,OP,0.373
HOGDN,2/6/2019,12:08,OP,0.476
HOGDN,2/6/2019,12:08,OP,0.467
POSNW16,2/6/2019,12:33,OP,0.679
POSNW16,2/6/2019,12:33,OP,0.664
POSNW16,2/6/2019,12:33,OP,0.66
HAT,2/6/2019,13:41,OP,0.046
HAT,2/6/2019,13:41,OP,0.047
HAT,2/6/2019,13:41,OP,0.047
SWB,2/6/2019,14:35,OP,0.092
SWB,2/6/2019,14:35,OP,0.093
SWB,2/6/2019,14:35,OP,0.107
TUM441,2/6/2019,14:53,OP,0.127
TUM441,2/6/2019,14:53,OP,0.096
TUM441,2/6/2019,14:53,OP,0.127
HOGDN,2/6/2019,12:08,NH4,0.4414
HOGDN,2/6/2019,12:08,NH4,0.6365
HOGDN,2/6/2019,12:08,NH4,0.8353
POSNW16,2/6/2019,12:33,NH4,0.8602
POSNW16,2/6/2019,12:33,NH4,1.0019
POSNW16,2/6/2019,12:33,NH4,0.9992
HAT,2/6/2019,13:41,NH4,0.5272
HAT,2/6/2019,13:41,NH4,0.5029
HAT,2/6/2019,13:41,NH4,0.2439
SWB,2/6/2019,14:35,NH4,0.2096
SWB,2/6/2019,14:35,NH4,0.1491
SWB,2/6/2019,14:35,NH4,0.1977
TUM441,2/6/2019,14:53,NH4,0.1221
TUM441,2/6/2019,14:53,NH4,0.117
TUM441,2/6/2019,14:53,NH4,0.0952
