Site,Date,Time,REP,Analyte,Result
HAT,2019-01-18,10:38:00,a,NH4,0.3257
HAT,2019-01-18,10:38:00,b,NH4,0.3925
HAT,2019-01-18,10:38:00,c,NH4,0.1658
HAT,2019-01-25,11:13:00,a,NH4,0.0269
HAT,2019-01-25,11:13:00,b,NH4,-0.0121
HAT,2019-01-25,11:13:00,c,NH4,0.0185
HAT,2019-01-04,10:34:00,a,NH4,0.0951
HAT,2019-01-04,10:34:00,b,NH4,0.1035
HAT,2019-01-04,10:34:00,c,NH4,0.0991
HAT,2018-10-18,10:55:00,a,NH4,0.1091
HAT,2018-10-18,10:55:00,b,NH4,0.1275
HAT,2018-10-18,10:55:00,c,NH4,0.10780000000000001
HAT,2018-10-31,11:32:00,a,NH4,0.1316
HAT,2018-10-31,11:32:00,b,NH4,0.2528
HAT,2018-10-31,11:32:00,c,NH4,0.2746
HAT,2018-11-13,12:54:00,a,NH4,0.0773
HAT,2018-11-13,12:54:00,b,NH4,0.0796
HAT,2018-11-13,12:54:00,c,NH4,0.0926
HAT,2018-11-29,12:37:00,a,NH4,0.1039
HAT,2018-11-29,12:37:00,b,NH4,0.1184
HAT,2018-11-29,12:37:00,c,NH4,0.108
HAT,2018-11-08,12:18:00,a,NH4,0.1146
HAT,2018-11-08,12:18:00,b,NH4,0.0342
HAT,2018-11-08,12:18:00,c,NH4,0.077
HAT,2018-12-20,11:51:00,a,NH4,0.249
HAT,2018-12-20,11:51:00,b,NH4,0.3508
HAT,2018-12-20,11:51:00,c,NH4,0.2803
HAT,2018-12-05,10:54:00,a,NH4,-0.0064
HAT,2018-12-05,10:54:00,b,NH4,0.0131
HAT,2018-12-05,10:54:00,c,NH4,-0.0032
HAT,2019-02-06,13:41:00,a,NH4,0.5272
HAT,2019-02-06,13:41:00,b,NH4,0.5029
HAT,2019-02-06,13:41:00,c,NH4,0.2439
HAT,2018-09-14,11:06:00,a,NH4,0.2143
HAT,2018-09-14,11:06:00,b,NH4,0.2015
HAT,2018-09-14,11:06:00,c,NH4,0.2994
HOGDN,2019-01-18,09:14:00,a,NH4,0.2728
HOGDN,2019-01-18,09:14:00,b,NH4,0.1965
HOGDN,2019-01-18,09:14:00,c,NH4,0.1664
HOGDN,2019-01-25,09:49:00,a,NH4,-0.0226
HOGDN,2019-01-25,09:49:00,b,NH4,-0.002
HOGDN,2019-01-25,09:49:00,c,NH4,-0.01
HOGDN,2019-01-04,09:15:00,a,NH4,-3e-4
HOGDN,2019-01-04,09:15:00,b,NH4,0.0489
HOGDN,2019-01-04,09:15:00,c,NH4,0.0304
HOGDN,2018-10-18,12:38:00,a,NH4,0.0806
HOGDN,2018-10-18,12:38:00,b,NH4,0.1168
HOGDN,2018-10-18,12:38:00,c,NH4,0.0993
HOGDN,2018-10-31,09:46:00,a,NH4,0.3413
HOGDN,2018-10-31,09:46:00,b,NH4,0.1882
HOGDN,2018-10-31,09:46:00,c,NH4,0.2428
HOGDN,2018-11-13,11:17:00,a,NH4,0.031
HOGDN,2018-11-13,11:17:00,b,NH4,0.0106
HOGDN,2018-11-13,11:17:00,c,NH4,0.0208
HOGDN,2018-11-29,11:05:00,a,NH4,0.2362
HOGDN,2018-11-29,11:05:00,b,NH4,0.1749
HOGDN,2018-11-29,11:05:00,c,NH4,0.2918
HOGDN,2018-11-08,13:45:00,a,NH4,0.1434
HOGDN,2018-11-08,13:45:00,b,NH4,0.1257
HOGDN,2018-11-08,13:45:00,c,NH4,0.116
HOGDN,2018-12-20,10:28:00,a,NH4,0.3491
HOGDN,2018-12-20,10:28:00,b,NH4,0.1637
HOGDN,2018-12-20,10:28:00,c,NH4,0.114
HOGDN,2018-12-05,09:29:00,a,NH4,0.0252
HOGDN,2018-12-05,09:29:00,b,NH4,0.0375
HOGDN,2018-12-05,09:29:00,c,NH4,0.0209
HOGDN,2019-02-06,12:08:00,a,NH4,0.4414
HOGDN,2019-02-06,12:08:00,b,NH4,0.6365
HOGDN,2019-02-06,12:08:00,c,NH4,0.8353
HOGNW16,2019-01-18,09:59:00,a,NH4,0.7202
HOGNW16,2019-01-18,09:59:00,b,NH4,0.6888
HOGNW16,2019-01-18,09:59:00,c,NH4,0.3684
HOGNW16,2019-01-25,10:33:00,a,NH4,0.0132
HOGNW16,2019-01-25,10:33:00,b,NH4,0.014
HOGNW16,2019-01-25,10:33:00,c,NH4,0.018
HOGNW16,2019-01-04,09:51:00,a,NH4,0.0553
HOGNW16,2019-01-04,09:51:00,b,NH4,0.0215
HOGNW16,2019-01-04,09:51:00,c,NH4,0.0225
HOGNW16,2018-10-18,11:30:00,a,NH4,0.0491
HOGNW16,2018-10-18,11:30:00,b,NH4,0.0448
HOGNW16,2018-10-18,11:30:00,c,NH4,0.051
HOGNW16,2018-10-31,10:36:00,a,NH4,1.3794
HOGNW16,2018-10-31,10:36:00,b,NH4,1.1531
HOGNW16,2018-10-31,10:36:00,c,NH4,1.6895
HOGNW16,2018-11-13,12:13:00,a,NH4,0.0112
HOGNW16,2018-11-13,12:13:00,b,NH4,0.0251
HOGNW16,2018-11-13,12:13:00,c,NH4,0.0164
HOGNW16,2018-11-29,11:47:00,a,NH4,0.0986
HOGNW16,2018-11-29,11:47:00,b,NH4,0.0997
HOGNW16,2018-11-29,11:47:00,c,NH4,0.0582
HOGNW16,2018-11-08,12:53:00,a,NH4,0.1236
HOGNW16,2018-11-08,12:53:00,b,NH4,0.0526
HOGNW16,2018-11-08,12:53:00,c,NH4,0.0883
HOGNW16,2018-12-20,11:11:00,a,NH4,0.791
HOGNW16,2018-12-20,11:11:00,b,NH4,0.3045
HOGNW16,2018-12-20,11:11:00,c,NH4,0.4524
HOGNW16,2018-12-05,10:12:00,a,NH4,0.0202
HOGNW16,2018-12-05,10:12:00,b,NH4,0.0154
HOGNW16,2018-12-05,10:12:00,c,NH4,-0.0034
HOGNW16,2018-09-14,13:25:00,a,NH4,0.2018
HOGNW16,2018-09-14,13:25:00,b,NH4,0.2429
HOGNW16,2018-09-14,13:25:00,c,NH4,0.2552
POSNW16,2019-01-18,09:39:00,a,NH4,0.3967
POSNW16,2019-01-18,09:39:00,b,NH4,0.4485
POSNW16,2019-01-18,09:39:00,c,NH4,0.6049
POSNW16,2019-01-25,10:14:00,a,NH4,0.0126
POSNW16,2019-01-25,10:14:00,b,NH4,-0.0107
POSNW16,2019-01-25,10:14:00,c,NH4,-0.0145
POSNW16,2019-01-04,09:38:00,a,NH4,0.01
POSNW16,2019-01-04,09:38:00,b,NH4,0.0387
POSNW16,2019-01-04,09:38:00,c,NH4,0.0444
POSNW16,2018-10-18,11:55:00,a,NH4,0.0275
POSNW16,2018-10-18,11:55:00,b,NH4,0.0412
POSNW16,2018-10-18,11:55:00,c,NH4,0.0597
POSNW16,2018-10-31,10:15:00,a,NH4,0.479
POSNW16,2018-10-31,10:15:00,b,NH4,0.7668
POSNW16,2018-10-31,10:15:00,c,NH4,0.9047
POSNW16,2018-11-13,11:54:00,a,NH4,-0.0145
POSNW16,2018-11-13,11:54:00,b,NH4,-0.0112
POSNW16,2018-11-13,11:54:00,c,NH4,-0.0146
POSNW16,2018-11-29,11:30:00,a,NH4,0.202
POSNW16,2018-11-29,11:30:00,b,NH4,0.157
POSNW16,2018-11-29,11:30:00,c,NH4,0.1504
POSNW16,2018-11-08,13:10:00,a,NH4,0.1024
POSNW16,2018-11-08,13:10:00,b,NH4,0.0717
POSNW16,2018-11-08,13:10:00,c,NH4,0.0985
POSNW16,2018-12-20,10:53:00,a,NH4,0.4515
POSNW16,2018-12-20,10:53:00,b,NH4,0.3829
POSNW16,2018-12-20,10:53:00,c,NH4,0.698
POSNW16,2018-12-05,09:59:00,a,NH4,0.0491
POSNW16,2018-12-05,09:59:00,b,NH4,0.0619
POSNW16,2018-12-05,09:59:00,c,NH4,0.0503
POSNW16,2019-02-06,12:33:00,a,NH4,0.8602
POSNW16,2019-02-06,12:33:00,b,NH4,1.0019
POSNW16,2019-02-06,12:33:00,c,NH4,0.9992
POSNW16,2018-09-14,12:55:00,a,NH4,0.2619
POSNW16,2018-09-14,12:55:00,b,NH4,0.2414
POSNW16,2018-09-14,12:55:00,c,NH4,0.2138
SWB,2019-01-18,11:27:00,a,NH4,0.2007
SWB,2019-01-18,11:27:00,b,NH4,0.1454
SWB,2019-01-18,11:27:00,c,NH4,0.0996
SWB,2019-01-25,11:57:00,a,NH4,0.0907
SWB,2019-01-25,11:57:00,b,NH4,0.0857
SWB,2019-01-25,11:57:00,c,NH4,0.1486
SWB,2019-01-04,11:13:00,a,NH4,0.1693
SWB,2019-01-04,11:13:00,b,NH4,0.1571
SWB,2019-01-04,11:13:00,c,NH4,0.0332
SWB,2018-10-18,10:13:00,a,NH4,0.1343
SWB,2018-10-18,10:13:00,b,NH4,0.1035
SWB,2018-10-18,10:13:00,c,NH4,0.1519
SWB,2018-10-31,12:21:00,a,NH4,0.5567
SWB,2018-10-31,12:21:00,b,NH4,0.3228
SWB,2018-10-31,12:21:00,c,NH4,0.3606
SWB,2018-11-13,13:44:00,a,NH4,0.0154
SWB,2018-11-13,13:44:00,b,NH4,-0.0067
SWB,2018-11-13,13:44:00,c,NH4,0.0157
SWB,2018-11-29,13:15:00,a,NH4,0.8233
SWB,2018-11-29,13:15:00,b,NH4,0.3985
SWB,2018-11-29,13:15:00,c,NH4,0.3313
SWB,2018-11-08,11:30:00,a,NH4,0.0248
SWB,2018-11-08,11:30:00,b,NH4,0.1252
SWB,2018-11-08,11:30:00,c,NH4,0.1014
SWB,2018-12-20,12:37:00,a,NH4,0.2195
SWB,2018-12-20,12:37:00,b,NH4,0.1719
SWB,2018-12-20,12:37:00,c,NH4,0.1807
SWB,2018-12-05,11:40:00,a,NH4,0.0097
SWB,2018-12-05,11:40:00,b,NH4,0.0142
SWB,2018-12-05,11:40:00,c,NH4,0.0232
SWB,2019-02-06,14:35:00,a,NH4,0.2096
SWB,2019-02-06,14:35:00,b,NH4,0.1491
SWB,2019-02-06,14:35:00,c,NH4,0.1977
TUM441,2019-01-18,11:43:00,a,NH4,0.0958
TUM441,2019-01-18,11:43:00,b,NH4,0.1224
TUM441,2019-01-18,11:43:00,c,NH4,0.0719
TUM441,2019-01-25,12:12:00,a,NH4,0.1141
TUM441,2019-01-25,12:12:00,b,NH4,0.2529
TUM441,2019-01-25,12:12:00,c,NH4,0.246
TUM441,2019-01-04,11:28:00,a,NH4,0.0235
TUM441,2019-01-04,11:28:00,b,NH4,0.0423
TUM441,2019-01-04,11:28:00,c,NH4,0.10780000000000001
TUM441,2018-10-18,09:36:00,a,NH4,0.0203
TUM441,2018-10-18,09:36:00,b,NH4,0.0508
TUM441,2018-10-18,09:36:00,c,NH4,0.0523
TUM441,2018-10-31,12:44:00,a,NH4,1.5646
TUM441,2018-10-31,12:44:00,b,NH4,1.2562
TUM441,2018-10-31,12:44:00,c,NH4,0.7239
TUM441,2018-11-13,14:05:00,a,NH4,0.0052
TUM441,2018-11-13,14:05:00,b,NH4,0.001
TUM441,2018-11-13,14:05:00,c,NH4,0.032
TUM441,2018-11-29,14:17:00,a,NH4,0.0977
TUM441,2018-11-29,14:17:00,b,NH4,0.0907
TUM441,2018-11-29,14:17:00,c,NH4,0.095
TUM441,2018-11-08,11:11:00,a,NH4,0.2826
TUM441,2018-11-08,11:11:00,b,NH4,0.1468
TUM441,2018-11-08,11:11:00,c,NH4,0.3276
TUM441,2018-12-20,12:53:00,a,NH4,0.0727
TUM441,2018-12-20,12:53:00,b,NH4,0.2058
TUM441,2018-12-20,12:53:00,c,NH4,0.0893
TUM441,2018-12-05,11:47:00,a,NH4,0.1687
TUM441,2018-12-05,11:47:00,b,NH4,0.1718
TUM441,2018-12-05,11:47:00,c,NH4,0.2563
TUM441,2019-02-06,14:53:00,a,NH4,0.1221
TUM441,2019-02-06,14:53:00,b,NH4,0.117
TUM441,2019-02-06,14:53:00,c,NH4,0.0952
TUM441,2018-09-14,09:45:00,a,NH4,0.2787
TUM441,2018-09-14,09:45:00,b,NH4,0.32
TUM441,2018-09-14,09:45:00,c,NH4,0.3635
HAT,2019-01-18,10:38:00,a,NOx,0.037
HAT,2019-01-18,10:38:00,b,NOx,0.031
HAT,2019-01-18,10:38:00,c,NOx,0.015
HAT,2019-01-25,11:13:00,a,NOx,0.011
HAT,2019-01-25,11:13:00,b,NOx,0.01
HAT,2019-01-25,11:13:00,c,NOx,0.009
HAT,2019-01-04,10:34:00,a,NOx,0.007
HAT,2019-01-04,10:34:00,b,NOx,0.007
HAT,2019-01-04,10:34:00,c,NOx,0.009
HAT,2018-10-18,10:55:00,a,NOx,0.191
HAT,2018-10-18,10:55:00,b,NOx,0.191
HAT,2018-10-18,10:55:00,c,NOx,0.19
HAT,2018-10-31,11:32:00,a,NOx,0.092
HAT,2018-10-31,11:32:00,b,NOx,0.174
HAT,2018-10-31,11:32:00,c,NOx,0.109
HAT,2018-11-13,12:54:00,a,NOx,0.106
HAT,2018-11-13,12:54:00,b,NOx,0.1
HAT,2018-11-13,12:54:00,c,NOx,0.102
HAT,2018-11-29,12:37:00,a,NOx,0.058
HAT,2018-11-29,12:37:00,b,NOx,0.062
HAT,2018-11-29,12:37:00,c,NOx,0.06
HAT,2018-11-08,12:18:00,a,NOx,0.106
HAT,2018-11-08,12:18:00,b,NOx,0.105
HAT,2018-11-08,12:18:00,c,NOx,0.107
HAT,2018-12-20,11:51:00,a,NOx,0.068
HAT,2018-12-20,11:51:00,b,NOx,0.073
HAT,2018-12-20,11:51:00,c,NOx,0.067
HAT,2018-12-05,10:54:00,a,NOx,0.04
HAT,2018-12-05,10:54:00,b,NOx,0.04
HAT,2018-12-05,10:54:00,c,NOx,0.034
HAT,2019-02-06,13:41:00,a,NOx,0.012
HAT,2019-02-06,13:41:00,b,NOx,0.012
HAT,2019-02-06,13:41:00,c,NOx,0.012
HAT,2018-09-14,11:06:00,a,NOx,0.073
HAT,2018-09-14,11:06:00,b,NOx,0.043
HAT,2018-09-14,11:06:00,c,NOx,0.067
HOGDN,2019-01-18,09:14:00,a,NOx,0.279
HOGDN,2019-01-18,09:14:00,b,NOx,0.222
HOGDN,2019-01-18,09:14:00,c,NOx,0.218
HOGDN,2019-01-25,09:49:00,a,NOx,0.02
HOGDN,2019-01-25,09:49:00,b,NOx,0.025
HOGDN,2019-01-25,09:49:00,c,NOx,0.021
HOGDN,2019-01-04,09:15:00,a,NOx,0.025
HOGDN,2019-01-04,09:15:00,b,NOx,0.283
HOGDN,2019-01-04,09:15:00,c,NOx,0.03
HOGDN,2018-10-18,12:38:00,a,NOx,0.219
HOGDN,2018-10-18,12:38:00,b,NOx,0.226
HOGDN,2018-10-18,12:38:00,c,NOx,0.224
HOGDN,2018-10-31,09:46:00,a,NOx,0.33
HOGDN,2018-10-31,09:46:00,b,NOx,0.334
HOGDN,2018-10-31,09:46:00,c,NOx,0.367
HOGDN,2018-11-13,11:17:00,a,NOx,0.189
HOGDN,2018-11-13,11:17:00,b,NOx,0.172
HOGDN,2018-11-13,11:17:00,c,NOx,0.187
HOGDN,2018-11-29,11:05:00,a,NOx,0.224
HOGDN,2018-11-29,11:05:00,b,NOx,0.218
HOGDN,2018-11-29,11:05:00,c,NOx,0.227
HOGDN,2018-11-08,13:45:00,a,NOx,0.315
HOGDN,2018-11-08,13:45:00,b,NOx,0.264
HOGDN,2018-11-08,13:45:00,c,NOx,0.337
HOGDN,2018-12-20,10:28:00,a,NOx,-0.001
HOGDN,2018-12-20,10:28:00,b,NOx,-0.002
HOGDN,2018-12-20,10:28:00,c,NOx,-0.001
HOGDN,2018-12-05,09:29:00,a,NOx,0.027
HOGDN,2018-12-05,09:29:00,b,NOx,0.023
HOGDN,2018-12-05,09:29:00,c,NOx,0.026
HOGDN,2019-02-06,12:08:00,a,NOx,0.053
HOGDN,2019-02-06,12:08:00,b,NOx,0.059
HOGDN,2019-02-06,12:08:00,c,NOx,0.06
HOGNW16,2019-01-18,09:59:00,a,NOx,0.317
HOGNW16,2019-01-18,09:59:00,b,NOx,0.313
HOGNW16,2019-01-18,09:59:00,c,NOx,0.297
HOGNW16,2019-01-25,10:33:00,a,NOx,0.131
HOGNW16,2019-01-25,10:33:00,b,NOx,0.109
HOGNW16,2019-01-25,10:33:00,c,NOx,0.106
HOGNW16,2019-01-04,09:51:00,a,NOx,0.263
HOGNW16,2019-01-04,09:51:00,b,NOx,0.252
HOGNW16,2019-01-04,09:51:00,c,NOx,0.219
HOGNW16,2018-10-18,11:30:00,a,NOx,0.453
HOGNW16,2018-10-18,11:30:00,b,NOx,0.434
HOGNW16,2018-10-18,11:30:00,c,NOx,0.352
HOGNW16,2018-10-31,10:36:00,a,NOx,0.343
HOGNW16,2018-10-31,10:36:00,b,NOx,0.415
HOGNW16,2018-10-31,10:36:00,c,NOx,0.229
HOGNW16,2018-11-13,12:13:00,a,NOx,0.38
HOGNW16,2018-11-13,12:13:00,b,NOx,0.367
HOGNW16,2018-11-13,12:13:00,c,NOx,0.368
HOGNW16,2018-11-29,11:47:00,a,NOx,0.366
HOGNW16,2018-11-29,11:47:00,b,NOx,0.349
HOGNW16,2018-11-29,11:47:00,c,NOx,0.349
HOGNW16,2018-11-08,12:53:00,a,NOx,0.417
HOGNW16,2018-11-08,12:53:00,b,NOx,0.412
HOGNW16,2018-11-08,12:53:00,c,NOx,0.42
HOGNW16,2018-12-20,11:11:00,a,NOx,0.061
HOGNW16,2018-12-20,11:11:00,b,NOx,0.054
HOGNW16,2018-12-20,11:11:00,c,NOx,0.061
HOGNW16,2018-12-05,10:12:00,a,NOx,0.16
HOGNW16,2018-12-05,10:12:00,b,NOx,0.075
HOGNW16,2018-12-05,10:12:00,c,NOx,0.068
HOGNW16,2018-09-14,13:25:00,a,NOx,0.343
HOGNW16,2018-09-14,13:25:00,b,NOx,0.322
HOGNW16,2018-09-14,13:25:00,c,NOx,0.313
POSNW16,2019-01-18,09:39:00,a,NOx,0.748
POSNW16,2019-01-18,09:39:00,b,NOx,0.744
POSNW16,2019-01-18,09:39:00,c,NOx,0.675
POSNW16,2019-01-25,10:14:00,a,NOx,0.241
POSNW16,2019-01-25,10:14:00,b,NOx,0.232
POSNW16,2019-01-25,10:14:00,c,NOx,0.23
POSNW16,2019-01-04,09:38:00,a,NOx,0.523
POSNW16,2019-01-04,09:38:00,b,NOx,0.484
POSNW16,2019-01-04,09:38:00,c,NOx,0.497
POSNW16,2018-10-18,11:55:00,a,NOx,0.95
POSNW16,2018-10-18,11:55:00,b,NOx,0.95
POSNW16,2018-10-18,11:55:00,c,NOx,0.984
POSNW16,2018-10-31,10:15:00,a,NOx,1.021
POSNW16,2018-10-31,10:15:00,b,NOx,0.167
POSNW16,2018-10-31,10:15:00,c,NOx,0.971
POSNW16,2018-11-13,11:54:00,a,NOx,0.804
POSNW16,2018-11-13,11:54:00,b,NOx,0.793
POSNW16,2018-11-13,11:54:00,c,NOx,0.802
POSNW16,2018-11-29,11:30:00,a,NOx,0.877
POSNW16,2018-11-29,11:30:00,b,NOx,0.854
POSNW16,2018-11-29,11:30:00,c,NOx,0.86
POSNW16,2018-11-08,13:10:00,a,NOx,0.862
POSNW16,2018-11-08,13:10:00,b,NOx,0.864
POSNW16,2018-11-08,13:10:00,c,NOx,0.852
POSNW16,2018-12-20,10:53:00,a,NOx,0.38
POSNW16,2018-12-20,10:53:00,b,NOx,0.371
POSNW16,2018-12-20,10:53:00,c,NOx,0.373
POSNW16,2018-12-05,09:59:00,a,NOx,0.574
POSNW16,2018-12-05,09:59:00,b,NOx,0.575
POSNW16,2018-12-05,09:59:00,c,NOx,0.593
POSNW16,2019-02-06,12:33:00,a,NOx,0.512
POSNW16,2019-02-06,12:33:00,b,NOx,0.512
POSNW16,2019-02-06,12:33:00,c,NOx,0.503
POSNW16,2018-09-14,12:55:00,a,NOx,0.628
POSNW16,2018-09-14,12:55:00,b,NOx,0.576
POSNW16,2018-09-14,12:55:00,c,NOx,0.649
SWB,2019-01-18,11:27:00,a,NOx,3.554
SWB,2019-01-18,11:27:00,b,NOx,1.307
SWB,2019-01-18,11:27:00,c,NOx,3.488
SWB,2019-01-25,11:57:00,a,NOx,1.674
SWB,2019-01-25,11:57:00,b,NOx,1.635
SWB,2019-01-25,11:57:00,c,NOx,1.68
SWB,2019-01-04,11:13:00,a,NOx,2.215
SWB,2019-01-04,11:13:00,b,NOx,2.271
SWB,2019-01-04,11:13:00,c,NOx,2.21
SWB,2018-10-18,10:13:00,a,NOx,2.366
SWB,2018-10-18,10:13:00,b,NOx,2.497
SWB,2018-10-18,10:13:00,c,NOx,2.514
SWB,2018-10-31,12:21:00,a,NOx,1.9
SWB,2018-10-31,12:21:00,b,NOx,2.374
SWB,2018-10-31,12:21:00,c,NOx,2.871
SWB,2018-11-13,13:44:00,a,NOx,1.832
SWB,2018-11-13,13:44:00,b,NOx,1.812
SWB,2018-11-13,13:44:00,c,NOx,1.802
SWB,2018-11-29,13:15:00,a,NOx,6.837
SWB,2018-11-29,13:15:00,b,NOx,6.673
SWB,2018-11-29,13:15:00,c,NOx,6.69
SWB,2018-11-08,11:30:00,a,NOx,2.143
SWB,2018-11-08,11:30:00,b,NOx,2.199
SWB,2018-11-08,11:30:00,c,NOx,2.198
SWB,2018-12-20,12:37:00,a,NOx,0.186
SWB,2018-12-20,12:37:00,b,NOx,0.213
SWB,2018-12-20,12:37:00,c,NOx,0.209
SWB,2018-12-05,11:40:00,a,NOx,3.451
SWB,2018-12-05,11:40:00,b,NOx,3.541
SWB,2018-12-05,11:40:00,c,NOx,3.428
SWB,2019-02-06,14:35:00,a,NOx,3.892
SWB,2019-02-06,14:35:00,b,NOx,3.899
SWB,2019-02-06,14:35:00,c,NOx,3.718
TUM441,2019-01-18,11:43:00,a,NOx,0.26
TUM441,2019-01-18,11:43:00,b,NOx,0.28
TUM441,2019-01-18,11:43:00,c,NOx,0.271
TUM441,2019-01-25,12:12:00,a,NOx,0.219
TUM441,2019-01-25,12:12:00,b,NOx,0.208
TUM441,2019-01-25,12:12:00,c,NOx,0.203
TUM441,2019-01-04,11:28:00,a,NOx,0.402
TUM441,2019-01-04,11:28:00,b,NOx,0.347
TUM441,2019-01-04,11:28:00,c,NOx,0.329
TUM441,2018-10-18,09:36:00,a,NOx,0.214
TUM441,2018-10-18,09:36:00,b,NOx,0.2
TUM441,2018-10-18,09:36:00,c,NOx,0.19
TUM441,2018-10-31,12:44:00,a,NOx,0.161
TUM441,2018-10-31,12:44:00,b,NOx,0.161
TUM441,2018-10-31,12:44:00,c,NOx,0.159
TUM441,2018-11-13,14:05:00,a,NOx,0.105
TUM441,2018-11-13,14:05:00,b,NOx,0.108
TUM441,2018-11-13,14:05:00,c,NOx,0.116
TUM441,2018-11-29,14:17:00,a,NOx,0.031
TUM441,2018-11-29,14:17:00,b,NOx,0.031
TUM441,2018-11-29,14:17:00,c,NOx,0.05
TUM441,2018-11-08,11:11:00,a,NOx,0.125
TUM441,2018-11-08,11:11:00,b,NOx,0.118
TUM441,2018-11-08,11:11:00,c,NOx,0.294
TUM441,2018-12-20,12:53:00,a,NOx,0.075
TUM441,2018-12-20,12:53:00,b,NOx,0.089
TUM441,2018-12-20,12:53:00,c,NOx,0.089
TUM441,2018-12-05,11:47:00,a,NOx,0.257
TUM441,2018-12-05,11:47:00,b,NOx,0.259
TUM441,2018-12-05,11:47:00,c,NOx,0.263
TUM441,2019-02-06,14:53:00,a,NOx,0.358
TUM441,2019-02-06,14:53:00,b,NOx,0.326
TUM441,2019-02-06,14:53:00,c,NOx,0.316
TUM441,2018-09-14,09:45:00,a,NOx,0.29
TUM441,2018-09-14,09:45:00,b,NOx,0.286
TUM441,2018-09-14,09:45:00,c,NOx,0.286
HAT,2019-01-18,10:38:00,a,OP,0.053
HAT,2019-01-18,10:38:00,b,OP,0.148
HAT,2019-01-18,10:38:00,c,OP,0.051
HAT,2019-01-25,11:13:00,a,OP,0.094
HAT,2019-01-25,11:13:00,b,OP,0.086
HAT,2019-01-25,11:13:00,c,OP,0.091
HAT,2019-01-04,10:34:00,a,OP,0.067
HAT,2019-01-04,10:34:00,b,OP,0.071
HAT,2019-01-04,10:34:00,c,OP,0.068
HAT,2018-10-18,10:55:00,a,OP,0.224
HAT,2018-10-18,10:55:00,b,OP,0.199
HAT,2018-10-18,10:55:00,c,OP,0.187
HAT,2018-10-31,11:32:00,a,OP,0.157
HAT,2018-10-31,11:32:00,b,OP,0.392
HAT,2018-10-31,11:32:00,c,OP,0.163
HAT,2018-11-13,12:54:00,a,OP,0.222
HAT,2018-11-13,12:54:00,b,OP,0.209
HAT,2018-11-13,12:54:00,c,OP,0.221
HAT,2018-11-29,12:37:00,a,OP,0.224
HAT,2018-11-29,12:37:00,b,OP,0.225
HAT,2018-11-29,12:37:00,c,OP,0.223
HAT,2018-11-08,12:18:00,a,OP,0.23
HAT,2018-11-08,12:18:00,b,OP,0.224
HAT,2018-11-08,12:18:00,c,OP,0.226
HAT,2018-12-20,11:51:00,a,OP,0.255
HAT,2018-12-20,11:51:00,b,OP,0.262
HAT,2018-12-20,11:51:00,c,OP,0.252
HAT,2018-12-05,10:54:00,a,OP,0.581
HAT,2018-12-05,10:54:00,b,OP,0.589
HAT,2018-12-05,10:54:00,c,OP,0.579
HAT,2019-02-06,13:41:00,a,OP,0.046
HAT,2019-02-06,13:41:00,b,OP,0.047
HAT,2019-02-06,13:41:00,c,OP,0.047
HAT,2018-09-14,11:06:00,a,OP,0.108
HAT,2018-09-14,11:06:00,b,OP,0.093
HAT,2018-09-14,11:06:00,c,OP,0.113
HOGDN,2019-01-18,09:14:00,a,OP,0.412
HOGDN,2019-01-18,09:14:00,b,OP,0.402
HOGDN,2019-01-18,09:14:00,c,OP,0.408
HOGDN,2019-01-25,09:49:00,a,OP,0.297
HOGDN,2019-01-25,09:49:00,b,OP,0.296
HOGDN,2019-01-25,09:49:00,c,OP,0.298
HOGDN,2019-01-04,09:15:00,a,OP,0.629
HOGDN,2019-01-04,09:15:00,b,OP,0.658
HOGDN,2019-01-04,09:15:00,c,OP,0.504
HOGDN,2018-10-18,12:38:00,a,OP,0.766
HOGDN,2018-10-18,12:38:00,b,OP,0.759
HOGDN,2018-10-18,12:38:00,c,OP,0.78
HOGDN,2018-10-31,09:46:00,a,OP,0.686
HOGDN,2018-10-31,09:46:00,b,OP,0.675
HOGDN,2018-10-31,09:46:00,c,OP,0.678
HOGDN,2018-11-13,11:17:00,a,OP,0.824
HOGDN,2018-11-13,11:17:00,b,OP,0.812
HOGDN,2018-11-13,11:17:00,c,OP,0.81
HOGDN,2018-11-29,11:05:00,a,OP,0.609
HOGDN,2018-11-29,11:05:00,b,OP,0.604
HOGDN,2018-11-29,11:05:00,c,OP,0.605
HOGDN,2018-11-08,13:45:00,a,OP,0.815
HOGDN,2018-11-08,13:45:00,b,OP,0.805
HOGDN,2018-11-08,13:45:00,c,OP,0.808
HOGDN,2018-12-20,10:28:00,a,OP,0.059
HOGDN,2018-12-20,10:28:00,b,OP,0.058
HOGDN,2018-12-20,10:28:00,c,OP,0.059
HOGDN,2018-12-05,09:29:00,a,OP,0.19
HOGDN,2018-12-05,09:29:00,b,OP,0.19
HOGDN,2018-12-05,09:29:00,c,OP,0.19
HOGDN,2019-02-06,12:08:00,a,OP,0.373
HOGDN,2019-02-06,12:08:00,b,OP,0.476
HOGDN,2019-02-06,12:08:00,c,OP,0.467
HOGNW16,2019-01-18,09:59:00,a,OP,0.344
HOGNW16,2019-01-18,09:59:00,b,OP,0.345
HOGNW16,2019-01-18,09:59:00,c,OP,0.321
HOGNW16,2019-01-25,10:33:00,a,OP,0.124
HOGNW16,2019-01-25,10:33:00,b,OP,0.132
HOGNW16,2019-01-25,10:33:00,c,OP,0.141
HOGNW16,2019-01-04,09:51:00,a,OP,0.329
HOGNW16,2019-01-04,09:51:00,b,OP,0.332
HOGNW16,2019-01-04,09:51:00,c,OP,0.32
HOGNW16,2018-10-18,11:30:00,a,OP,0.618
HOGNW16,2018-10-18,11:30:00,b,OP,0.609
HOGNW16,2018-10-18,11:30:00,c,OP,0.601
HOGNW16,2018-10-31,10:36:00,a,OP,0.561
HOGNW16,2018-10-31,10:36:00,b,OP,0.561
HOGNW16,2018-10-31,10:36:00,c,OP,0.596
HOGNW16,2018-11-13,12:13:00,a,OP,0.606
HOGNW16,2018-11-13,12:13:00,b,OP,0.619
HOGNW16,2018-11-13,12:13:00,c,OP,0.606
HOGNW16,2018-11-29,11:47:00,a,OP,0.512
HOGNW16,2018-11-29,11:47:00,b,OP,0.514
HOGNW16,2018-11-29,11:47:00,c,OP,0.497
HOGNW16,2018-11-08,12:53:00,a,OP,0.605
HOGNW16,2018-11-08,12:53:00,b,OP,0.602
HOGNW16,2018-11-08,12:53:00,c,OP,0.6
HOGNW16,2018-12-20,11:11:00,a,OP,0.13
HOGNW16,2018-12-20,11:11:00,b,OP,0.127
HOGNW16,2018-12-20,11:11:00,c,OP,0.14
HOGNW16,2018-12-05,10:12:00,a,OP,0.113
HOGNW16,2018-12-05,10:12:00,b,OP,0.114
HOGNW16,2018-12-05,10:12:00,c,OP,0.11
HOGNW16,2018-09-14,13:25:00,a,OP,0.428
HOGNW16,2018-09-14,13:25:00,b,OP,0.41
HOGNW16,2018-09-14,13:25:00,c,OP,0.417
POSNW16,2019-01-18,09:39:00,a,OP,0.676
POSNW16,2019-01-18,09:39:00,b,OP,0.686
POSNW16,2019-01-18,09:39:00,c,OP,0.686
POSNW16,2019-01-25,10:14:00,a,OP,0.439
POSNW16,2019-01-25,10:14:00,b,OP,0.429
POSNW16,2019-01-25,10:14:00,c,OP,0.422
POSNW16,2019-01-04,09:38:00,a,OP,0.813
POSNW16,2019-01-04,09:38:00,b,OP,0.74
POSNW16,2019-01-04,09:38:00,c,OP,0.743
POSNW16,2018-10-18,11:55:00,a,OP,0.994
POSNW16,2018-10-18,11:55:00,b,OP,1.058
POSNW16,2018-10-18,11:55:00,c,OP,1.042
POSNW16,2018-10-31,10:15:00,a,OP,0.96
POSNW16,2018-10-31,10:15:00,b,OP,0.718
POSNW16,2018-10-31,10:15:00,c,OP,0.945
POSNW16,2018-11-13,11:54:00,a,OP,1.144
POSNW16,2018-11-13,11:54:00,b,OP,1.007
POSNW16,2018-11-13,11:54:00,c,OP,0.991
POSNW16,2018-11-29,11:30:00,a,OP,0.864
POSNW16,2018-11-29,11:30:00,b,OP,0.855
POSNW16,2018-11-29,11:30:00,c,OP,0.854
POSNW16,2018-11-08,13:10:00,a,OP,0.972
POSNW16,2018-11-08,13:10:00,b,OP,0.913
POSNW16,2018-11-08,13:10:00,c,OP,1.003
POSNW16,2018-12-20,10:53:00,a,OP,0.239
POSNW16,2018-12-20,10:53:00,b,OP,0.221
POSNW16,2018-12-20,10:53:00,c,OP,0.23
POSNW16,2018-12-05,09:59:00,a,OP,0.736
POSNW16,2018-12-05,09:59:00,b,OP,0.746
POSNW16,2018-12-05,09:59:00,c,OP,0.741
POSNW16,2019-02-06,12:33:00,a,OP,0.679
POSNW16,2019-02-06,12:33:00,b,OP,0.664
POSNW16,2019-02-06,12:33:00,c,OP,0.66
POSNW16,2018-09-14,12:55:00,a,OP,0.672
POSNW16,2018-09-14,12:55:00,b,OP,0.727
POSNW16,2018-09-14,12:55:00,c,OP,0.739
SWB,2019-01-18,11:27:00,a,OP,0.193
SWB,2019-01-18,11:27:00,b,OP,0.119
SWB,2019-01-18,11:27:00,c,OP,0.204
SWB,2019-01-25,11:57:00,a,OP,0.145
SWB,2019-01-25,11:57:00,b,OP,0.142
SWB,2019-01-25,11:57:00,c,OP,0.144
SWB,2019-01-04,11:13:00,a,OP,0.192
SWB,2019-01-04,11:13:00,b,OP,0.195
SWB,2019-01-04,11:13:00,c,OP,0.189
SWB,2018-10-18,10:13:00,a,OP,0.42
SWB,2018-10-18,10:13:00,b,OP,0.414
SWB,2018-10-18,10:13:00,c,OP,0.416
SWB,2018-10-31,12:21:00,a,OP,0.567
SWB,2018-10-31,12:21:00,b,OP,0.594
SWB,2018-10-31,12:21:00,c,OP,0.622
SWB,2018-11-13,13:44:00,a,OP,0.233
SWB,2018-11-13,13:44:00,b,OP,0.235
SWB,2018-11-13,13:44:00,c,OP,0.203
SWB,2018-11-29,13:15:00,a,OP,0.367
SWB,2018-11-29,13:15:00,b,OP,0.354
SWB,2018-11-29,13:15:00,c,OP,0.359
SWB,2018-11-08,11:30:00,a,OP,0.988
SWB,2018-11-08,11:30:00,b,OP,0.993
SWB,2018-11-08,11:30:00,c,OP,0.993
SWB,2018-12-20,12:37:00,a,OP,0.601
SWB,2018-12-20,12:37:00,b,OP,0.592
SWB,2018-12-20,12:37:00,c,OP,0.572
SWB,2018-12-05,11:40:00,a,OP,0.653
SWB,2018-12-05,11:40:00,b,OP,0.649
SWB,2018-12-05,11:40:00,c,OP,0.662
SWB,2019-02-06,14:35:00,a,OP,0.092
SWB,2019-02-06,14:35:00,b,OP,0.093
SWB,2019-02-06,14:35:00,c,OP,0.107
TUM441,2019-01-18,11:43:00,a,OP,0.097
TUM441,2019-01-18,11:43:00,b,OP,0.101
TUM441,2019-01-18,11:43:00,c,OP,0.091
TUM441,2019-01-25,12:12:00,a,OP,0.097
TUM441,2019-01-25,12:12:00,b,OP,0.091
TUM441,2019-01-25,12:12:00,c,OP,0.096
TUM441,2019-01-04,11:28:00,a,OP,0.143
TUM441,2019-01-04,11:28:00,b,OP,0.139
TUM441,2019-01-04,11:28:00,c,OP,0.134
TUM441,2018-10-18,09:36:00,a,OP,0.165
TUM441,2018-10-18,09:36:00,b,OP,0.21
TUM441,2018-10-18,09:36:00,c,OP,0.158
TUM441,2018-10-31,12:44:00,a,OP,0.094
TUM441,2018-10-31,12:44:00,b,OP,0.138
TUM441,2018-10-31,12:44:00,c,OP,0.112
TUM441,2018-11-13,14:05:00,a,OP,0.146
TUM441,2018-11-13,14:05:00,b,OP,0.163
TUM441,2018-11-13,14:05:00,c,OP,0.131
TUM441,2018-11-29,14:17:00,a,OP,0.131
TUM441,2018-11-29,14:17:00,b,OP,0.132
TUM441,2018-11-29,14:17:00,c,OP,0.13
TUM441,2018-11-08,11:11:00,a,OP,0.175
TUM441,2018-11-08,11:11:00,b,OP,0.171
TUM441,2018-11-08,11:11:00,c,OP,1.521
TUM441,2018-12-20,12:53:00,a,OP,0.208
TUM441,2018-12-20,12:53:00,b,OP,0.211
TUM441,2018-12-20,12:53:00,c,OP,0.2
TUM441,2018-12-05,11:47:00,a,OP,0.394
TUM441,2018-12-05,11:47:00,b,OP,0.395
TUM441,2018-12-05,11:47:00,c,OP,0.396
TUM441,2019-02-06,14:53:00,a,OP,0.127
TUM441,2019-02-06,14:53:00,b,OP,0.096
TUM441,2019-02-06,14:53:00,c,OP,0.127
TUM441,2018-09-14,09:45:00,a,OP,0.118
TUM441,2018-09-14,09:45:00,b,OP,0.128
TUM441,2018-09-14,09:45:00,c,OP,0.118
